seqName,clade,aminoacidChanges,spikeMutations
hCoV-19/USA/NY-NYUMC100/2020,20B,"ORF1a:G3334S,ORF1b:P314L,S:D614G,N:R203K,ORF14:G50R,ORF14:G50E,N:G204R",S:D614G
hCoV-19/USA/NY-NYUMC101/2020,19A,"ORF1a:I739V,ORF1a:P765S,ORF1a:E1549D,ORF1a:T3058I,ORF1a:L3606F,S:L5F,ORF3a:G251V",S:L5F
hCoV-19/USA/NY-NYUMC102/2020,19B,"ORF1a:V60I,ORF1a:P804L,ORF8:L84S,N:S202N,ORF14:V49I",
hCoV-19/USA/NY-NYUMC103/2020,20C,"ORF1a:T265I,ORF1b:P314L,S:D614G,ORF3a:Q57H,N:S327L",S:D614G
hCoV-19/USA/NY-NYUMC104/2020,20C,"ORF1a:T265I,ORF1a:S3884L,ORF1b:P314L,ORF1b:A1844V,S:D614G,ORF3a:Q57H",S:D614G
hCoV-19/USA/NY-NYUMC105/2020,20C,"ORF1a:T265I,ORF1a:S3884L,ORF1b:P314L,ORF1b:A1844V,S:D614G,ORF3a:Q57H",S:D614G
hCoV-19/USA/NJ-NYUMC106/2020,20C,"ORF1a:T265I,ORF1b:P314L,S:D614G,ORF3a:Q57H",S:D614G
hCoV-19/USA/NY-NYUMC107/2020,20C,"ORF1a:T265I,ORF1b:P314L,S:D614G,ORF3a:Q57H,M:R158H",S:D614G
hCoV-19/USA/NY-NYUMC108/2020,20C,"ORF1a:T265I,ORF1b:P314L,S:D614G,ORF3a:Q57H,N:S183Y,ORF14:L30I",S:D614G
hCoV-19/USA/NY-NYUMC109/2020,20C,"ORF1a:T265I,ORF1b:P314L,ORF1b:P1664S,S:D614G,ORF3a:Q57H",S:D614G
hCoV-19/USA/NY-NYUMC11/2020,20C,"ORF1a:T265I,ORF1b:P314L,S:D614G,ORF3a:Q57H",S:D614G
hCoV-19/USA/NY-NYUMC110/2020,20C,"ORF1a:T265I,ORF1b:P314L,S:D614G,ORF3a:Q57H",S:D614G
hCoV-19/USA/NJ-NYUMC111/2020,19B,"ORF1b:P1427L,ORF1b:Y1464C,ORF8:L84S",
hCoV-19/USA/NY-NYUMC112/2020,20B,"ORF1a:G3334S,ORF1b:P314L,S:D614G,N:R203K,ORF14:G50R,ORF14:G50E,N:G204R",S:D614G
hCoV-19/USA/NY-NYUMC113/2020,20C,"ORF1a:T265I,ORF1a:S3884L,ORF1b:P314L,ORF1b:A1844V,S:D614G,ORF3a:Q57H",S:D614G
hCoV-19/USA/NY-NYUMC114/2020,20C,"ORF1a:T265I,ORF1a:R287K,ORF1b:P314L,S:D614G,ORF3a:Q57H",S:D614G
hCoV-19/USA/NY-NYUMC115/2020,20C,"ORF1a:T265I,ORF1a:S3884L,ORF1b:P314L,ORF1b:A1844V,S:D614G,ORF3a:Q57H",S:D614G
hCoV-19/USA/NY-NYUMC116/2020,20C,"ORF1a:T265I,ORF1a:R848K,ORF1b:P314L,ORF1b:Y1648C,S:D614G,ORF3a:Q57H",S:D614G
hCoV-19/USA/NY-NYUMC117/2020,20C,"ORF1a:T265I,ORF1a:S3884L,ORF1b:T17I,ORF1b:P314L,ORF1b:A1844V,S:D614G,ORF3a:Q57H",S:D614G
hCoV-19/USA/NY-NYUMC118/2020,20C,"ORF1a:T265I,ORF1b:P314L,ORF1b:A1369S,S:V83F,S:D614G,ORF3a:Q57H","S:V83F,S:D614G"
hCoV-19/USA/NY-NYUMC119/2020,20C,"ORF1a:T265I,ORF1b:P314L,S:D614G,ORF3a:Q57H,ORF7a:S98F",S:D614G
hCoV-19/USA/NY-NYUMC12/2020,20C,"ORF1a:T265I,ORF1b:P314L,ORF1b:S2430R,S:D614G,ORF3a:Q57H",S:D614G
hCoV-19/USA/NY-NYUMC120/2020,20C,"ORF1a:T265I,ORF1b:P314L,S:D614G,ORF3a:Q57H",S:D614G
hCoV-19/USA/NY-NYUMC121/2020,20C,"ORF1a:T265I,ORF1a:A3529V,ORF1b:P314L,S:D614G,ORF3a:Q57H",S:D614G
hCoV-19/USA/NY-NYUMC123/2020,20C,"ORF1a:T265I,ORF1a:T551I,ORF1b:P314L,ORF1b:G2180S,S:D614G,ORF3a:Q57H",S:D614G
hCoV-19/USA/NY-NYUMC124/2020,20C,"ORF1a:T265I,ORF1a:T551I,ORF1b:P314L,ORF1b:G2180S,S:D614G,ORF3a:Q57H",S:D614G
hCoV-19/USA/NY-NYUMC125/2020,20C,"ORF1a:T265I,ORF1b:P314L,S:D614G,ORF3a:Q57H",S:D614G
hCoV-19/USA/NY-NYUMC126/2020,20B,"ORF1b:P314L,S:L5F,S:D614G,N:R203K,ORF14:G50R,ORF14:G50E,N:G204R","S:L5F,S:D614G"
hCoV-19/USA/NY-NYUMC127/2020,20C,"ORF1a:T265I,ORF1a:V306F,ORF1a:S3884L,ORF1b:P314L,ORF1b:A1844V,S:D614G,ORF3a:Q57H",S:D614G
hCoV-19/USA/NY-NYUMC128/2020,20C,"ORF1a:T265I,ORF1a:A2618V,ORF1a:S3884L,ORF1b:P314L,ORF1b:A1844V,S:D614G,ORF3a:Q57H",S:D614G
hCoV-19/USA/NY-NYUMC129/2020,20C,"ORF1a:T265I,ORF1a:S3884L,ORF1a:M4316K,ORF1b:P314L,ORF1b:A1844V,S:D614G,ORF3a:Q57H",S:D614G
hCoV-19/USA/NY-NYUMC13/2020,20C,"ORF1a:T265I,ORF1a:A3529V,ORF1b:P314L,S:D614G,ORF3a:Q57H",S:D614G
hCoV-19/USA/NY-NYUMC130/2020,20C,"ORF1a:T265I,ORF1b:P314L,ORF1b:S442I,S:D614G,ORF3a:Q57H",S:D614G
hCoV-19/USA/NY-NYUMC131/2020,20C,"ORF1a:T265I,ORF1b:P314L,S:D614G,ORF3a:Q57H",S:D614G
hCoV-19/USA/NY-NYUMC132/2020,20C,"ORF1a:T265I,ORF1a:A3529V,ORF1b:P314L,S:D614G,ORF3a:Q57H",S:D614G
hCoV-19/USA/NY-NYUMC133/2020,20C,"ORF1a:T265I,ORF1b:P314L,S:D614G,ORF3a:Q57H,ORF8:S24L",S:D614G
hCoV-19/USA/NY-NYUMC134/2020,20C,"ORF1a:T265I,ORF1b:P314L,S:D614G,S:G1219V,ORF3a:Q57H","S:D614G,S:G1219V"
hCoV-19/USA/NY-NYUMC135/2020,20C,"ORF1a:T265I,ORF1a:S3884L,ORF1b:P314L,S:D614G,ORF3a:T32I,ORF3a:Q57H,N:A152V",S:D614G
hCoV-19/USA/NY-NYUMC136/2020,20C,"ORF1a:T265I,ORF1a:T1874I,ORF1a:Q3036R,ORF1a:S3884L,ORF1b:P314L,ORF1b:A1844V,S:D614G,ORF3a:Q57H",S:D614G
hCoV-19/USA/NY-NYUMC137/2020,20C,"ORF1a:A138T,ORF1a:T265I,ORF1b:P314L,S:D614G,ORF3a:Q57H,ORF3a:D155Y",S:D614G
hCoV-19/USA/NY-NYUMC138/2020,20C,"ORF1a:T265I,ORF1a:L1243Q,ORF1b:P314L,ORF1b:G765S,S:D614G,ORF3a:Q57H",S:D614G
hCoV-19/USA/NY-NYUMC139/2020,20C,"ORF1a:T265I,ORF1a:S3884L,ORF1b:P314L,ORF1b:A1844V,S:D614G,ORF3a:Q57H",S:D614G
hCoV-19/USA/NY-NYUMC14/2020,20C,"ORF1a:T265I,ORF1a:S3884L,ORF1b:P314L,ORF1b:A1844V,S:D614G,ORF3a:Q57H",S:D614G
hCoV-19/USA/NY-NYUMC140/2020,20A,"ORF1b:P314L,S:D614G,ORF3a:Q57H",S:D614G
hCoV-19/USA/NY-NYUMC141/2020,20C,"ORF1a:T265I,ORF1a:K1791R,ORF1a:S3884L,ORF1b:P314L,S:D614G,ORF3a:Q57H",S:D614G
hCoV-19/USA/NY-NYUMC142/2020,20C,"ORF1a:T265I,ORF1a:S3884L,ORF1b:P314L,ORF1b:A1844V,S:D614G,S:L1203F,ORF3a:Q57H","S:D614G,S:L1203F"
hCoV-19/USA/NY-NYUMC143/2020,20C,"ORF1a:T265I,ORF1b:P314L,S:D614G,ORF3a:Q57H",S:D614G
hCoV-19/USA/NY-NYUMC144/2020,20C,"ORF1a:T265I,ORF1a:N1094I,ORF1a:S3884L,ORF1b:P314L,ORF1b:A1844V,S:D614G,ORF3a:Q57H,N:M322I,N:D402Y",S:D614G
hCoV-19/USA/NY-NYUMC145/2020,20C,"ORF1a:T265I,ORF1b:P314L,S:D614G,ORF3a:Q57H",S:D614G
hCoV-19/USA/NY-NYUMC146/2020,20C,"ORF1a:T265I,ORF1a:A1283V,ORF1a:S3884L,ORF1b:P314L,ORF1b:A1844V,ORF1b:S2292N,S:D614G,ORF3a:Q57H",S:D614G
hCoV-19/USA/NY-NYUMC147/2020,20C,"ORF1a:T265I,ORF1b:P314L,ORF1b:M371I,S:D614G,ORF3a:Q57H",S:D614G
hCoV-19/USA/NY-NYUMC148/2020,20C,"ORF1a:T265I,ORF1a:P1220L,ORF1b:P314L,S:D614G,ORF3a:Q57H",S:D614G
hCoV-19/USA/NY-NYUMC149/2020,20C,"ORF1a:T265I,ORF1a:S531R,ORF1a:S3884L,ORF1b:P314L,S:D614G,ORF3a:Q57H",S:D614G
hCoV-19/USA/NY-NYUMC150/2020,20B,"ORF1b:P314L,S:D614G,S:S1252F,N:R203K,ORF14:G50R,ORF14:G50E,N:G204R,N:T366I","S:D614G,S:S1252F"
hCoV-19/USA/NY-NYUMC151/2020,20C,"ORF1a:T265I,ORF1a:S3884L,ORF1b:P314L,ORF1b:A1844V,S:D614G,ORF3a:Q57H",S:D614G
hCoV-19/USA/NY-NYUMC152/2020,20C,"ORF1a:T265I,ORF1b:P314L,S:D614G,ORF3a:Q57H",S:D614G
hCoV-19/USA/NY-NYUMC153/2020,20C,"ORF1a:T265I,ORF1b:P314L,S:D614G,ORF3a:Q57H",S:D614G
hCoV-19/USA/NY-NYUMC154/2020,20C,"ORF1a:T265I,ORF1a:S302F,ORF1b:P314L,S:D614G,ORF3a:Q57H,ORF3a:Q213K",S:D614G
hCoV-19/USA/NY-NYUMC155/2020,20C,"ORF1a:T265I,ORF1a:K2148E,ORF1a:S3884L,ORF1b:P314L,ORF1b:A1844V,S:D614G,ORF3a:Q57H",S:D614G
hCoV-19/USA/NY-NYUMC156/2020,20A,"ORF1a:T2093I,ORF1b:P314L,S:D614G,ORF3a:Q57H",S:D614G
hCoV-19/USA/NY-NYUMC157/2020,20C,"ORF1a:T265I,ORF1a:S3884L,ORF1b:P314L,ORF1b:A1844V,S:D614G,ORF3a:Q57H,ORF6:E54D",S:D614G
hCoV-19/USA/NY-NYUMC158/2020,20C,"ORF1a:T265I,ORF1a:S3884L,ORF1b:P314L,ORF1b:A1844V,S:D614G,ORF3a:Q57H",S:D614G
hCoV-19/USA/NY-NYUMC159/2020,20A,"ORF1b:P314L,S:D614G,ORF3a:Q57H",S:D614G
hCoV-19/USA/NY-NYUMC160/2020,20C,"ORF1a:T265I,ORF1b:P314L,S:D614G,ORF3a:Q57H",S:D614G
hCoV-19/USA/NY-NYUMC161/2020,20C,"ORF1a:T265I,ORF1b:P314L,S:D614G,S:H655Y,ORF3a:Q57H","S:D614G,S:H655Y"
hCoV-19/USA/NY-NYUMC162/2020,20C,"ORF1a:T265I,ORF1a:K1051Q,ORF1b:P314L,S:D614G,ORF3a:Q57H",S:D614G
hCoV-19/USA/NY-NYUMC163/2020,20C,"ORF1a:T265I,ORF1a:A1283V,ORF1a:S3884L,ORF1b:P314L,ORF1b:A1844V,S:D614G,ORF3a:Q57H",S:D614G
hCoV-19/USA/NY-NYUMC164/2020,20C,"ORF1a:T265I,ORF1b:P314L,S:D614G,ORF3a:Q57H,ORF3a:M260K",S:D614G
hCoV-19/USA/NY-NYUMC165/2020,20C,"ORF1a:T265I,ORF1b:P314L,S:D614G,ORF3a:Q57H",S:D614G
hCoV-19/USA/NY-NYUMC166/2020,20C,"ORF1a:T265I,ORF1a:Q3332H,ORF1a:S3884L,ORF1b:P314L,ORF1b:A1844V,S:D614G,ORF3a:Q57H",S:D614G
hCoV-19/USA/NY-NYUMC167/2020,20C,"ORF1a:T265I,ORF1b:P314L,S:D614G,ORF3a:Q57H",S:D614G
hCoV-19/USA/NY-NYUMC168/2020,20C,"ORF1a:T265I,ORF1b:P314L,S:D614G,ORF3a:Q57H",S:D614G
hCoV-19/USA/NY-NYUMC169/2020,20A,"ORF1b:P314L,S:D614G,ORF3a:Q57H",S:D614G
hCoV-19/USA/NY-NYUMC170/2020,20C,"ORF1a:T265I,ORF1b:P314L,ORF1b:S2430R,S:D614G,ORF3a:Q57H",S:D614G
hCoV-19/USA/NY-NYUMC171/2020,20B,"ORF1a:T1246I,ORF1a:G3278S,ORF1b:P314L,S:D614G,N:P151S,N:R203K,ORF14:G50R,ORF14:G50E,N:G204R",S:D614G
hCoV-19/USA/NY-NYUMC172/2020,20B,"ORF1a:T4161I,ORF1b:P314L,S:D614G,ORF3a:Q38P,N:R203K,ORF14:G50R,ORF14:G50E,N:G204R",S:D614G
hCoV-19/USA/NY-NYUMC173/2020,20C,"ORF1a:T265I,ORF1a:P2605S,ORF1b:P314L,S:D614G,ORF3a:Q57H",S:D614G
hCoV-19/USA/NY-NYUMC174/2020,20A,"ORF1b:P314L,S:D614G,ORF3a:Q57H,N:T198I,ORF14:L45F",S:D614G
hCoV-19/USA/NY-NYUMC175/2020,20C,"ORF1a:T265I,ORF1a:A3529V,ORF1b:P314L,S:D614G,ORF3a:Q57H",S:D614G
hCoV-19/USA/NY-NYUMC176/2020,19A,"ORF1a:P2605S,ORF1a:L3606F,ORF3a:G251V",
hCoV-19/USA/NY-NYUMC177/2020,20A,"ORF1a:V3925I,ORF1b:P314L,S:D614G,ORF3a:Q57H,M:A81S",S:D614G
hCoV-19/USA/NY-NYUMC178/2020,20C,"ORF1a:T265I,ORF1b:P314L,S:D614G,ORF3a:Q57H",S:D614G
hCoV-19/USA/NY-NYUMC179/2020,20C,"ORF1a:T265I,ORF1b:P314L,S:D614G,ORF3a:Q57H",S:D614G
hCoV-19/USA/NY-NYUMC18/2020,20C,"ORF1a:T265I,ORF1a:T551I,ORF1b:P314L,S:D614G,ORF3a:Q57H",S:D614G
hCoV-19/USA/NY-NYUMC180/2020,20C,"ORF1a:T265I,ORF1b:P314L,ORF1b:L1351F,S:D614G,ORF3a:Q57H",S:D614G
hCoV-19/USA/NY-NYUMC181/2020,20A,"ORF1b:P314L,S:D614G,ORF3a:Q57H",S:D614G
hCoV-19/USA/NY-NYUMC182/2020,20A,"ORF1a:S391F,ORF1b:P314L,S:D614G,ORF3a:Q57H",S:D614G
hCoV-19/USA/NY-NYUMC183/2020,20C,"ORF1a:T265I,ORF1b:P314L,S:D614G,ORF3a:Q57H",S:D614G
hCoV-19/USA/NY-NYUMC184/2020,20C,"ORF1a:T265I,ORF1a:S3884L,ORF1a:A4094T,ORF1b:P314L,ORF1b:A1844V,S:D614G,ORF3a:Q57H",S:D614G
hCoV-19/USA/NY-NYUMC185/2020,20C,"ORF1a:T265I,ORF1a:G604S,ORF1a:A3956T,ORF1b:P314L,S:D614G,ORF3a:Q57H",S:D614G
hCoV-19/USA/NY-NYUMC186/2020,20C,"ORF1a:T265I,ORF1a:P3359L,ORF1a:S3884L,ORF1b:P314L,ORF1b:A1844V,S:D614G,ORF3a:Q57H",S:D614G
hCoV-19/USA/NY-NYUMC187/2020,20C,"ORF1a:T265I,ORF1a:M585V,ORF1b:P314L,S:D614G,ORF3a:Q57H",S:D614G
hCoV-19/USA/NY-NYUMC188/2020,19A,"ORF1a:P2605S,ORF1a:A3497T,ORF1a:L3606F,ORF3a:G251V",
hCoV-19/USA/NY-NYUMC189/2020,20C,"ORF1a:T265I,ORF1b:P314L,S:D614G,ORF3a:Q57H",S:D614G
hCoV-19/USA/NY-NYUMC19/2020,20C,"ORF1a:T265I,ORF1a:M585V,ORF1b:P314L,S:Y145H,S:D614G,ORF3a:Q57H","S:Y145H,S:D614G"
hCoV-19/USA/NY-NYUMC190/2020,20A,"ORF1b:P314L,S:D614G",S:D614G
hCoV-19/USA/NY-NYUMC191/2020,20C,"ORF1a:T265I,ORF1b:P314L,S:D614G,ORF3a:Q57H",S:D614G
hCoV-19/USA/NY-NYUMC192/2020,20C,"ORF1a:T265I,ORF1b:P314L,S:D614G,ORF3a:Q57H,M:H125Y",S:D614G
hCoV-19/USA/NY-NYUMC193/2020,20C,"ORF1a:T265I,ORF1a:S3884L,ORF1b:P314L,ORF1b:A1844V,S:D614G,ORF3a:Q57H,N:D377Y",S:D614G
hCoV-19/USA/NY-NYUMC194/2020,20C,"ORF1a:T265I,ORF1b:P314L,ORF1b:M657I,S:D614G,ORF3a:Q57H",S:D614G
hCoV-19/USA/NY-NYUMC195/2020,20C,"ORF1a:T265I,ORF1a:G2091C,ORF1b:P314L,S:D614G,ORF3a:Q57H",S:D614G
hCoV-19/USA/NY-NYUMC196/2020,20C,"ORF1a:T265I,ORF1b:P314L,S:D614G,ORF3a:Q57H",S:D614G
hCoV-19/USA/NY-NYUMC197/2020,20C,"ORF1a:T265I,ORF1a:T3000I,ORF1b:P314L,S:D614G,ORF3a:Q57H",S:D614G
hCoV-19/USA/NY-NYUMC198/2020,20C,"ORF1a:T265I,ORF1b:P314L,S:D614G,ORF3a:Q57H",S:D614G
hCoV-19/USA/NY-NYUMC199/2020,20C,"ORF1a:L92F,ORF1a:T265I,ORF1b:P314L,S:D614G,ORF3a:Q57H",S:D614G
hCoV-19/USA/NY-NYUMC2/2020,20C,"ORF1a:T265I,ORF1b:P314L,S:D614G,ORF3a:Q57H",S:D614G
hCoV-19/USA/NY-NYUMC20/2020,20C,"ORF1a:T265I,ORF1b:P314L,S:D614G,ORF3a:Q57H",S:D614G
hCoV-19/USA/NY-NYUMC200/2020,20A,"ORF1b:P314L,S:D614G,ORF3a:Q57H",S:D614G
hCoV-19/USA/NY-NYUMC201/2020,20C,"ORF1a:T265I,ORF1b:P314L,ORF1b:N482S,S:D614G,ORF3a:Q57H",S:D614G
hCoV-19/USA/NY-NYUMC202/2020,20C,"ORF1a:T265I,ORF1b:P314L,S:D614G,ORF3a:Q57H",S:D614G
hCoV-19/USA/NY-NYUMC203/2020,20C,"ORF1a:T265I,ORF1a:S3884L,ORF1b:P314L,ORF1b:A1844V,S:D614G,ORF3a:Q57H,ORF8:I71T",S:D614G
hCoV-19/USA/NY-NYUMC204/2020,20C,"ORF1a:T265I,ORF1b:P314L,ORF1b:N2540D,S:D614G,S:G1219V,ORF3a:Q57H","S:D614G,S:G1219V"
hCoV-19/USA/NY-NYUMC205/2020,20C,"ORF1a:T265I,ORF1b:P314L,S:D614G,ORF3a:Q57H",S:D614G
hCoV-19/USA/NY-NYUMC206/2020,20C,"ORF1a:T265I,ORF1b:P314L,S:D614G,ORF3a:Q57H",S:D614G
hCoV-19/USA/NY-NYUMC207/2020,20C,"ORF1a:T265I,ORF1b:P314L,S:D614G,ORF3a:Q57H",S:D614G
hCoV-19/USA/NY-NYUMC208/2020,20C,"ORF1a:T265I,ORF1a:S3884L,ORF1b:P314L,ORF1b:A1844V,S:D614G,ORF3a:Q57H",S:D614G
hCoV-19/USA/NY-NYUMC209/2020,20C,"ORF1a:T265I,ORF1a:S3884L,ORF1b:P314L,ORF1b:A1844V,S:D614G,ORF3a:Q57H",S:D614G
hCoV-19/USA/NY-NYUMC210/2020,19A,"ORF1a:P2605S,ORF1a:L3606F,ORF3a:G251V",
hCoV-19/USA/NY-NYUMC211/2020,20C,"ORF1a:T265I,ORF1a:E525G,ORF1a:P769L,ORF1b:P314L,S:D614G,ORF3a:Q57H",S:D614G
hCoV-19/USA/NY-NYUMC212/2020,20C,"ORF1a:T265I,ORF1b:P314L,ORF1b:D1869Y,S:R214L,S:D614G,ORF3a:Q57H","S:R214L,S:D614G"
hCoV-19/USA/NY-NYUMC213/2020,20B,"ORF1b:P314L,S:D614G,S:M1237I,N:R203K,ORF14:G50R,ORF14:G50E,N:G204R","S:D614G,S:M1237I"
hCoV-19/USA/NY-NYUMC214/2020,20C,"ORF1a:T265I,ORF1b:P314L,ORF1b:H604Y,S:D614G,ORF3a:Q57H",S:D614G
hCoV-19/USA/NY-NYUMC215/2020,20A,"ORF1b:P314L,S:D614G,ORF3a:Q57H",S:D614G
hCoV-19/USA/NY-NYUMC216/2020,20C,"ORF1a:T265I,ORF1a:S3884L,ORF1b:P314L,ORF1b:A1844V,S:D614G,ORF3a:Q57H",S:D614G
hCoV-19/USA/NY-NYUMC217/2020,20C,"ORF1a:T265I,ORF1a:S3884L,ORF1b:P314L,S:D614G,S:G842S,ORF3a:Q57H","S:D614G,S:G842S"
hCoV-19/USA/NY-NYUMC218/2020,20C,"ORF1a:T265I,ORF1a:S3884L,ORF1b:P314L,ORF1b:D1183Y,ORF1b:A1844V,S:D614G,ORF3a:Q57H",S:D614G
hCoV-19/USA/NY-NYUMC219/2020,20C,"ORF1a:T265I,ORF1a:S3884L,ORF1b:P314L,ORF1b:A1844V,S:D614G,ORF3a:Q57H",S:D614G
hCoV-19/USA/NY-NYUMC22/2020,20C,"ORF1a:T265I,ORF1b:P314L,S:D614G,ORF3a:Q57H",S:D614G
hCoV-19/USA/NY-NYUMC220/2020,20C,"ORF1a:T265I,ORF1a:S3884L,ORF1b:P314L,S:D614G,ORF3a:Q57H",S:D614G
hCoV-19/USA/NY-NYUMC221/2020,20C,"ORF1a:T265I,ORF1b:P314L,ORF1b:T1621I,S:D614G,ORF3a:Q57H",S:D614G
hCoV-19/USA/NY-NYUMC222/2020,20C,"ORF1a:T265I,ORF1b:P314L,S:D614G,ORF3a:Q57H",S:D614G
hCoV-19/USA/NY-NYUMC223/2020,20C,"ORF1a:T265I,ORF1a:R848S,ORF1b:P314L,S:D614G,ORF3a:Q57H",S:D614G
hCoV-19/USA/NY-NYUMC224/2020,20C,"ORF1a:T265I,ORF1a:K3839R,ORF1b:P314L,ORF1b:V972I,S:D614G,ORF3a:Q57H",S:D614G
hCoV-19/USA/NY-NYUMC225/2020,20C,"ORF1a:T265I,ORF1a:A1851V,ORF1b:P314L,S:A243S,S:D614G,ORF3a:Q57H","S:A243S,S:D614G"
hCoV-19/USA/NY-NYUMC226/2020,20C,"ORF1a:T265I,ORF1b:P314L,S:D614G,ORF3a:Q57H",S:D614G
hCoV-19/USA/NY-NYUMC227/2020,20C,"ORF1a:T265I,ORF1b:P314L,S:D614G,ORF3a:Q57H",S:D614G
hCoV-19/USA/NY-NYUMC228/2020,20C,"ORF1a:T265I,ORF1b:P314L,S:D614G,ORF3a:Q57H",S:D614G
hCoV-19/USA/NY-NYUMC229/2020,20C,"ORF1a:T265I,ORF1a:S3884L,ORF1b:P314L,ORF1b:A1844V,S:D614G,ORF3a:Q57H",S:D614G
hCoV-19/USA/NY-NYUMC230/2020,20C,"ORF1a:T265I,ORF1b:P314L,ORF1b:N482S,S:D614G,ORF3a:Q57H",S:D614G
hCoV-19/USA/NY-NYUMC231/2020,20C,"ORF1a:T265I,ORF1a:S3884L,ORF1b:P314L,ORF1b:A1844V,S:D614G,ORF3a:Q57H",S:D614G
hCoV-19/USA/NY-NYUMC232/2020,20A,"ORF1a:A3357V,ORF1b:P314L,S:A570T,S:D614G,ORF3a:Q57H","S:A570T,S:D614G"
hCoV-19/USA/NY-NYUMC233/2020,20C,"ORF1a:T265I,ORF1b:P314L,S:D614G,ORF3a:Q57H,N:S183Y,ORF14:L30I",S:D614G
hCoV-19/USA/NY-NYUMC234/2020,20C,"ORF1a:T265I,ORF1a:P2221S,ORF1a:S3884L,ORF1b:P314L,ORF1b:A1844V,S:D614G,ORF3a:Q57H",S:D614G
hCoV-19/USA/NY-NYUMC235/2020,20A,"ORF1a:A1997V,ORF1b:P314L,S:D614G,ORF3a:Q57H",S:D614G
hCoV-19/USA/NY-NYUMC236/2020,20C,"ORF1a:T265I,ORF1b:S69P,ORF1b:P314L,S:D614G,ORF3a:Q57H",S:D614G
hCoV-19/USA/NY-NYUMC237/2020,20C,"ORF1a:T265I,ORF1b:P314L,S:D614G,ORF3a:Q57H",S:D614G
hCoV-19/USA/NY-NYUMC238/2020,20C,"ORF1a:T265I,ORF1a:S3884L,ORF1b:P314L,ORF1b:A1844V,S:D614G,ORF3a:Q57H",S:D614G
hCoV-19/USA/NY-NYUMC239/2020,20C,"ORF1a:T265I,ORF1b:P314L,S:D614G,ORF3a:Q57H",S:D614G
hCoV-19/USA/NY-NYUMC240/2020,20C,"ORF1a:T265I,ORF1a:S2500F,ORF1b:P314L,ORF1b:L966F,S:D614G,ORF3a:Q57H",S:D614G
hCoV-19/USA/NY-NYUMC241/2020,20C,"ORF1a:T265I,ORF1b:P314L,S:D614G,S:Q677H,ORF3a:Q57H","S:D614G,S:Q677H"
hCoV-19/USA/NY-NYUMC242/2020,20C,"ORF1a:T265I,ORF1b:P314L,S:D614G,ORF3a:Q57H",S:D614G
hCoV-19/USA/NY-NYUMC243/2020,19A,"ORF1a:L3606F,N:S190I,ORF14:V37F",
hCoV-19/USA/NY-NYUMC244/2020,20A,"ORF1b:P314L,S:D614G,ORF3a:Q57H,N:S232T",S:D614G
hCoV-19/USA/NY-NYUMC245/2020,20A,"ORF1a:S1978F,ORF1b:P314L,S:D614G,ORF3a:Q57H",S:D614G
hCoV-19/USA/NY-NYUMC246/2020,20C,"ORF1a:T265I,ORF1a:T2106I,ORF1b:P314L,S:D614G,ORF3a:Q57H",S:D614G
hCoV-19/USA/NY-NYUMC247/2020,20C,"ORF1a:T265I,ORF1a:R1953K,ORF1a:S3884L,ORF1b:P314L,ORF1b:A1844V,S:D614G,ORF3a:Q57H",S:D614G
hCoV-19/USA/NY-NYUMC248/2020,20C,"ORF1a:T265I,ORF1a:A3529V,ORF1b:P314L,S:D614G,ORF3a:Q57H",S:D614G
hCoV-19/USA/NY-NYUMC249/2020,20A,"ORF1b:P314L,ORF1b:R741H,S:D614G",S:D614G
hCoV-19/USA/NY-NYUMC25/2020,20C,"ORF1a:T265I,ORF1a:S3884L,ORF1b:P314L,ORF1b:A1844V,S:D614G,ORF3a:Q57H",S:D614G
hCoV-19/USA/NY-NYUMC250/2020,20C,"ORF1a:T265I,ORF1b:P314L,S:D614G,ORF3a:Q57H",S:D614G
hCoV-19/USA/NY-NYUMC251/2020,20A,"ORF1b:P314L,S:D614G,ORF3a:Q57H",S:D614G
hCoV-19/USA/NY-NYUMC252/2020,20C,"ORF1a:T265I,ORF1a:S3884L,ORF1b:P314L,S:D614G,ORF3a:Q57H",S:D614G
hCoV-19/USA/NY-NYUMC253/2020,20C,"ORF1a:T265I,ORF1b:P314L,ORF1b:G1824S,S:D614G,ORF3a:Q57H",S:D614G
hCoV-19/USA/NY-NYUMC254/2020,20C,"ORF1a:T265I,ORF1a:S3884L,ORF1b:P314L,ORF1b:A1844V,S:D614G,ORF3a:Q57H",S:D614G
hCoV-19/USA/NY-NYUMC255/2020,20A,"ORF1b:P314L,S:D614G,ORF3a:Q57H",S:D614G
hCoV-19/USA/NY-NYUMC256/2020,20C,"ORF1a:T265I,ORF1b:P314L,S:D614G,ORF3a:Q57H",S:D614G
hCoV-19/USA/NY-NYUMC257/2020,20A,"ORF1b:P314L,S:D614G",S:D614G
hCoV-19/USA/NY-NYUMC258/2020,20C,"ORF1a:T265I,ORF1b:P314L,S:S98F,S:D614G,ORF3a:Q57H","S:S98F,S:D614G"
hCoV-19/USA/NY-NYUMC259/2020,20C,"ORF1a:T265I,ORF1a:S3884L,ORF1b:P314L,S:D614G,S:N1194S,ORF3a:Q57H,ORF3a:I118V","S:D614G,S:N1194S"
hCoV-19/USA/NY-NYUMC26/2020,20C,"ORF1a:T265I,ORF1a:A3939V,ORF1b:P314L,S:D614G,ORF3a:Q57H",S:D614G
hCoV-19/USA/NY-NYUMC260/2020,20C,"ORF1a:T265I,ORF1a:G728S,ORF1b:P314L,S:D614G,ORF3a:Q57H",S:D614G
hCoV-19/USA/NY-NYUMC261/2020,20C,"ORF1a:T265I,ORF1b:P314L,S:D614G,ORF3a:Q57H",S:D614G
hCoV-19/USA/NY-NYUMC262/2020,20C,"ORF1a:T265I,ORF1a:V439I,ORF1b:P314L,S:D614G,ORF3a:Q57H,ORF3a:T89I",S:D614G
hCoV-19/USA/NY-NYUMC263/2020,19A,"ORF1a:P2605S,ORF1a:A3497T,ORF1a:L3606F,ORF3a:G251V",
hCoV-19/USA/NY-NYUMC264/2020,20C,"ORF1a:T265I,ORF1a:S3884L,ORF1b:P314L,ORF1b:A1844V,S:D614G,ORF3a:Q57H",S:D614G
hCoV-19/USA/NY-NYUMC265/2020,20A,"ORF1a:K3353R,ORF1b:P314L,S:D614G",S:D614G
hCoV-19/USA/NY-NYUMC266/2020,20C,"ORF1a:T265I,ORF1a:K1347R,ORF1b:P314L,S:D614G,ORF3a:Q57H,N:K373N",S:D614G
hCoV-19/USA/NY-NYUMC267/2020,20A,"ORF1b:P314L,S:D614G,ORF3a:Q57H",S:D614G
hCoV-19/USA/NY-NYUMC269/2020,20C,"ORF1a:T265I,ORF1a:S3884L,ORF1b:P314L,S:D614G,ORF3a:Q57H",S:D614G
hCoV-19/USA/NY-NYUMC27/2020,20C,"ORF1a:T265I,ORF1a:A1283V,ORF1a:F3753V,ORF1a:S3884L,ORF1b:P314L,ORF1b:A1844V,S:D614G,ORF3a:Q57H",S:D614G
hCoV-19/USA/NY-NYUMC270/2020,20A,"ORF1b:P314L,S:D614G,ORF3a:Q57H",S:D614G
hCoV-19/USA/NY-NYUMC271/2020,20C,"ORF1a:T265I,ORF1b:P314L,S:D614G,ORF3a:Q57H",S:D614G
hCoV-19/USA/NY-NYUMC272/2020,20C,"ORF1a:T265I,ORF1b:P314L,ORF1b:V691A,S:D614G,ORF3a:Q57H",S:D614G
hCoV-19/USA/NY-NYUMC273/2020,20C,"ORF1a:T265I,ORF1a:L2062F,ORF1a:P3371S,ORF1b:A7V,ORF1b:P314L,S:D614G,ORF3a:Q57H",S:D614G
hCoV-19/USA/NY-NYUMC274/2020,20C,"ORF1a:T265I,ORF1b:P314L,S:D614G,ORF3a:Q57H,E:S68F",S:D614G
hCoV-19/USA/NY-NYUMC275/2020,20C,"ORF1a:T265I,ORF1a:R2432K,ORF1a:P3431S,ORF1b:P314L,ORF1b:A2585V,S:D614G,ORF3a:Q57H",S:D614G
hCoV-19/USA/NY-NYUMC276/2020,20A,"ORF1b:P314L,S:D614G,ORF3a:Q57H",S:D614G
hCoV-19/USA/NY-NYUMC277/2020,20C,"ORF1a:T265I,ORF1b:P314L,S:D614G,ORF3a:Q57H",S:D614G
hCoV-19/USA/NY-NYUMC278/2020,20C,"ORF1a:T265I,ORF1a:S3884L,ORF1b:P314L,ORF1b:A1844V,S:D614G,ORF3a:Q57H,N:A12S,ORF9b:M8I",S:D614G
hCoV-19/USA/NY-NYUMC279/2020,20C,"ORF1a:T265I,ORF1b:P314L,S:D614G,ORF3a:Q57H",S:D614G
hCoV-19/USA/NY-NYUMC28/2020,20C,"ORF1a:T265I,ORF1b:P314L,ORF1b:L1351F,S:D614G,ORF3a:Q57H",S:D614G
hCoV-19/USA/NY-NYUMC280/2020,20A,"ORF1b:P314L,ORF1b:V1806I,S:D614G,ORF3a:Q57H",S:D614G
hCoV-19/USA/NY-NYUMC281/2020,20C,"ORF1a:T265I,ORF1b:P314L,S:D614G,ORF3a:Q57H",S:D614G
hCoV-19/USA/NY-NYUMC282/2020,20C,"ORF1a:T265I,ORF1b:P314L,ORF1b:E427G,ORF1b:S2430R,S:D614G,ORF3a:Q57H,ORF9b:R32H",S:D614G
hCoV-19/USA/NY-NYUMC283/2020,20C,"ORF1a:T265I,ORF1b:P314L,S:D614G,ORF3a:Q57H",S:D614G
hCoV-19/USA/NY-NYUMC284/2020,20A,"ORF1b:P314L,S:D614G,ORF3a:Q57H",S:D614G
hCoV-19/USA/NY-NYUMC285/2020,20C,"ORF1a:T265I,ORF1b:P314L,S:D614G,ORF3a:Q57H",S:D614G
hCoV-19/USA/NY-NYUMC286/2020,20C,"ORF1a:T265I,ORF1a:A1283V,ORF1a:S3884L,ORF1b:P314L,S:D614G",S:D614G
hCoV-19/USA/NY-NYUMC287/2020,20C,"ORF1a:T265I,ORF1b:P314L,S:V503F,S:D614G,ORF3a:Q57H","S:V503F,S:D614G"
hCoV-19/USA/NY-NYUMC288/2020,20C,"ORF1a:T265I,ORF1b:P314L,ORF1b:A1844V,S:D614G,ORF3a:Q57H",S:D614G
hCoV-19/USA/NY-NYUMC289/2020,20C,"ORF1a:T265I,ORF1a:L3606F,ORF1b:P314L,S:D614G,ORF3a:Q57H",S:D614G
hCoV-19/USA/NY-NYUMC29/2020,20C,"ORF1a:T265I,ORF1b:P314L,S:D614G,ORF3a:Q57H",S:D614G
hCoV-19/USA/NY-NYUMC291/2020,20C,"ORF1a:T265I,ORF1a:T2183I,ORF1b:P314L,S:D614G,ORF3a:Q57H",S:D614G
hCoV-19/USA/NY-NYUMC292/2020,20A,"ORF1a:E4208*,ORF1b:P314L,S:D614G,M:A83V,ORF6:S25T",S:D614G
hCoV-19/USA/NY-NYUMC293/2020,20C,"ORF1a:S3884L,ORF1b:P314L,S:D614G,ORF3a:Q57H",S:D614G
hCoV-19/USA/NY-NYUMC294/2020,20C,"ORF1a:T265I,ORF1b:P314L,S:D614G,ORF3a:Q57H",S:D614G
hCoV-19/USA/NY-NYUMC295/2020,20C,"ORF1a:T265I,ORF1a:A1283V,ORF1b:P314L,S:D614G,ORF3a:Q57H",S:D614G
hCoV-19/USA/NY-NYUMC296/2020,20C,"ORF1a:T265I,ORF1b:P314L,S:D614G,ORF3a:Q57H",S:D614G
hCoV-19/USA/NY-NYUMC297/2020,20C,"ORF1a:T265I,ORF1a:D1554Y,ORF1a:S3884L,ORF1b:P314L,ORF1b:A1844V,ORF1b:Q2635H,S:D614G,ORF3a:Q57H,ORF3a:W128C,ORF7a:E95Q",S:D614G
hCoV-19/USA/NY-NYUMC298/2020,20C,"ORF1a:T265I,ORF1a:N2065S,ORF1a:S3884L,ORF1b:P314L,ORF1b:A1844V,S:D614G,ORF3a:Q57H",S:D614G
hCoV-19/USA/NY-NYUMC299/2020,20C,"ORF1a:T265I,ORF1b:P314L,ORF1b:G1568D,S:D614G,ORF3a:Q57H,ORF9b:P51L",S:D614G
hCoV-19/USA/NY-NYUMC3/2020,20A,"ORF1b:P314L,S:D614G,ORF3a:Q57H",S:D614G
hCoV-19/USA/NY-NYUMC30/2020,20C,"ORF1a:T265I,ORF1a:S3884L,ORF1b:P314L,ORF1b:A1844V,S:D614G,ORF3a:Q57H",S:D614G
hCoV-19/USA/NY-NYUMC300/2020,19A,"ORF1a:P2605S,ORF1a:A3497T,ORF1a:L3606F,ORF3a:G251V",
hCoV-19/USA/NY-NYUMC301/2020,20C,"ORF1a:T265I,ORF1b:P314L,S:D614G,ORF3a:Q57H",S:D614G
hCoV-19/USA/NY-NYUMC302/2020,20C,"ORF1a:T265I,ORF1b:P314L,S:D614G,ORF3a:Q57H",S:D614G
hCoV-19/USA/NY-NYUMC303/2020,20C,"ORF1a:E55K,ORF1a:T265I,ORF1a:L2969H,ORF1a:L4182F,ORF1b:P314L,ORF1b:I1495V,S:D614G,ORF3a:Q57H",S:D614G
hCoV-19/USA/NY-NYUMC304/2020,20C,"ORF1a:T265I,ORF1a:M585V,ORF1b:P314L,S:Y145H,S:D614G,ORF3a:Q57H","S:Y145H,S:D614G"
hCoV-19/USA/NY-NYUMC305/2020,20C,"ORF1a:T265I,ORF1a:A3529V,ORF1b:P314L,S:D614G,ORF3a:Q57H",S:D614G
hCoV-19/USA/NY-NYUMC306/2020,20C,"ORF1a:T265I,ORF1b:P314L,S:D614G,ORF3a:Q57H",S:D614G
hCoV-19/USA/NY-NYUMC307/2020,20C,"ORF1a:T265I,ORF1b:P314L,S:D614G,ORF3a:Q57H",S:D614G
hCoV-19/USA/NY-NYUMC308/2020,20C,"ORF1a:T265I,ORF1b:P314L,S:D614G,ORF3a:Q57H,N:S183Y,ORF14:L30I",S:D614G
hCoV-19/USA/NY-NYUMC309/2020,20C,"ORF1a:T265I,ORF1b:P314L,S:D614G,ORF3a:Q57H,N:S183Y,ORF14:L30I",S:D614G
hCoV-19/USA/NY-NYUMC31/2020,19A,"ORF1a:I739V,ORF1a:P765S,ORF1a:L3606F,ORF1b:H1854Y,S:L5F,ORF3a:G251V",S:L5F
hCoV-19/USA/NY-NYUMC310/2020,20C,"ORF1a:T265I,ORF1b:P314L,S:D614G,ORF3a:Q57H",S:D614G
hCoV-19/USA/NY-NYUMC311/2020,20C,"ORF1a:T265I,ORF1b:P314L,S:D614G,ORF3a:Q57H",S:D614G
hCoV-19/USA/NY-NYUMC312/2020,20C,"ORF1a:T265I,ORF3a:Q57H",
hCoV-19/USA/NY-NYUMC313/2020,20A,"ORF1b:P314L,ORF1b:A1244T,S:D614G,S:A706V,ORF3a:Q57H","S:D614G,S:A706V"
hCoV-19/USA/NY-NYUMC314/2020,20C,"ORF1a:T265I,ORF1a:A872V,ORF1b:P314L,S:D614G,ORF3a:Q57H",S:D614G
hCoV-19/USA/NY-NYUMC315/2020,20C,"ORF1a:T265I,ORF1a:A3901S,ORF1a:A4247V,ORF1b:P314L,S:D614G,ORF3a:Q57H",S:D614G
hCoV-19/USA/NY-NYUMC316/2020,20A,"ORF1a:A2460V,ORF1b:P314L,S:D614G,ORF3a:Q57H",S:D614G
hCoV-19/USA/NY-NYUMC317/2020,20A,"ORF1b:P314L,S:D614G,ORF3a:Q57H",S:D614G
hCoV-19/USA/NY-NYUMC318/2020,20C,"ORF1a:T265I,ORF1b:P314L,S:D614G,ORF3a:Q57H",S:D614G
hCoV-19/USA/NY-NYUMC319/2020,20C,"ORF1a:T265I,ORF1b:P314L,S:D614G,ORF3a:Q57H",S:D614G
hCoV-19/USA/NY-NYUMC320/2020,20C,"ORF1a:T265I,ORF1b:P314L,S:D614G,ORF3a:Q57H",S:D614G
hCoV-19/USA/NY-NYUMC321/2020,20A,"ORF1b:P314L,S:D614G,ORF3a:Q57H",S:D614G
hCoV-19/USA/NY-NYUMC322/2020,20C,"ORF1a:T265I,ORF1b:P314L,S:D614G,ORF3a:Q57H,N:S183Y,ORF14:L30I",S:D614G
hCoV-19/USA/NY-NYUMC323/2020,20C,"ORF1a:T265I,ORF1b:P314L,S:D614G,ORF3a:Q57H",S:D614G
hCoV-19/USA/NY-NYUMC324/2020,20C,"ORF1a:T265I,ORF1a:V306F,ORF1a:S3884L,ORF1b:P314L,ORF1b:A1844V,S:D614G,ORF3a:Q57H",S:D614G
hCoV-19/USA/NY-NYUMC325/2020,20A,"ORF1b:P314L,S:D614G,ORF3a:Q57H,M:V70F,ORF8:E19*",S:D614G
hCoV-19/USA/NY-NYUMC326/2020,20C,"ORF1a:T265I,ORF1a:T551I,ORF1a:H1545Y,ORF1a:A3726V,ORF1b:P314L,S:D614G,ORF3a:Q57H,ORF7a:E16D",S:D614G
hCoV-19/USA/NY-NYUMC327/2020,20C,"ORF1a:T265I,ORF1a:S3884L,ORF1b:P314L,S:V143F,S:D614G,ORF3a:Q57H,N:P279L","S:V143F,S:D614G"
hCoV-19/USA/NY-NYUMC328/2020,20C,"ORF1a:T265I,ORF1b:P314L,S:D614G,ORF3a:Q57H",S:D614G
hCoV-19/USA/NJ-NYUMC329/2020,20C,"ORF1a:T265I,ORF1b:P314L,S:D614G,ORF3a:Q57H",S:D614G
hCoV-19/USA/NY-NYUMC330/2020,20A,"ORF1b:P314L,ORF1b:P976S,ORF1b:S1089L,ORF1b:A1643S,ORF1b:P1763A,S:A520S,S:D614G,N:Q28H,ORF9b:R25T","S:A520S,S:D614G"
hCoV-19/USA/NY-NYUMC331/2020,20C,"ORF1a:T265I,ORF1b:P314L,S:D614G,ORF3a:Q57H",S:D614G
hCoV-19/USA/NY-NYUMC332/2020,20A,"ORF1b:F213L,ORF1b:P314L,S:D614G,ORF3a:Q57H",S:D614G
hCoV-19/USA/NY-NYUMC333/2020,20A,"ORF1b:P314L,S:D614G,ORF3a:Q57H,M:V70F",S:D614G
hCoV-19/USA/NY-NYUMC334/2020,20C,"ORF1a:T265I,ORF1b:P314L,S:D614G,ORF3a:Q57H",S:D614G
hCoV-19/USA/NY-NYUMC335/2020,20C,"ORF1a:T265I,ORF1a:S3884L,ORF1b:P314L,S:D614G,ORF3a:Q57H",S:D614G
hCoV-19/USA/NY-NYUMC336/2020,20C,"ORF1a:T265I,ORF1b:P314L,S:D614G,ORF3a:Q57H,ORF7a:L96F",S:D614G
hCoV-19/USA/NY-NYUMC337/2020,20C,"ORF1a:T265I,ORF1a:N1540S,ORF1b:P314L,S:D614G,ORF3a:Q57H",S:D614G
hCoV-19/USA/NY-NYUMC338/2020,20C,"ORF1a:T265I,ORF1a:M731L,ORF1a:S3884L,ORF1b:P314L,S:D614G,ORF3a:Q57H",S:D614G
hCoV-19/USA/NY-NYUMC339/2020,20A,"ORF1b:P314L,ORF1b:A941V,S:D614G,ORF3a:Q57H,M:M109I,ORF7b:T40I",S:D614G
hCoV-19/USA/NY-NYUMC34/2020,20C,"ORF1a:T265I,ORF1b:P314L,S:D614G,ORF3a:Q57H",S:D614G
hCoV-19/USA/NY-NYUMC340/2020,20C,"ORF1a:T265I,ORF1a:S3884L,ORF1b:P314L,ORF1b:A1844V,S:D614G,ORF3a:Q57H",S:D614G
hCoV-19/USA/NY-NYUMC341/2020,20C,"ORF1a:T265I,ORF1a:A2098V,ORF1b:P314L,S:D614G,ORF3a:Q57H",S:D614G
hCoV-19/USA/NY-NYUMC342/2020,20C,"ORF1a:T265I,ORF1b:P314L,S:D614G,ORF3a:Q57H,M:V70F",S:D614G
hCoV-19/USA/NY-NYUMC343/2020,20C,"ORF1a:T265I,ORF1a:S3884L,ORF1b:P314L,ORF1b:A1844V,S:D614G,ORF3a:Q57H,ORF3a:A59T,ORF3a:G254*",S:D614G
hCoV-19/USA/NJ-NYUMC344/2020,20B,"ORF1b:P314L,S:L5F,S:D614G,ORF3a:Q38P,N:R203K,ORF14:G50R,ORF14:G50E,N:G204R","S:L5F,S:D614G"
hCoV-19/USA/NY-NYUMC345/2020,20C,"ORF1a:T265I,ORF1a:S3884L,ORF1b:P314L,S:D614G,ORF3a:Q57H,ORF3a:P240L",S:D614G
hCoV-19/USA/NY-NYUMC346/2020,20C,"ORF1a:T265I,ORF1b:P314L,S:D614G,ORF3a:Q57H",S:D614G
hCoV-19/USA/NY-NYUMC347/2020,20C,"ORF1a:T265I,ORF1b:P314L,S:D614G,ORF3a:Q57H",S:D614G
hCoV-19/USA/NY-NYUMC348/2020,20C,"ORF1a:T265I,ORF1a:S3884L,ORF1b:P314L,ORF1b:A1844V,S:D614G,ORF3a:Q57H,ORF3a:V97L",S:D614G
hCoV-19/USA/NY-NYUMC349/2020,20B,"ORF1b:P314L,S:D614G,N:R203K,ORF14:G50R,ORF14:G50E,N:G204R",S:D614G
hCoV-19/USA/NY-NYUMC35/2020,19B,"ORF1a:P804L,ORF1a:S2022P,ORF8:L84S,N:S202N,ORF14:V49I",
hCoV-19/USA/NY-NYUMC350/2020,20C,"ORF1a:T265I,ORF1b:P314L,ORF1b:E427G,ORF1b:S2430R,S:D614G,ORF3a:Q57H",S:D614G
hCoV-19/USA/NY-NYUMC351/2020,20C,"ORF1a:T265I,ORF1b:P314L,S:D614G,ORF3a:Q57H,E:S68F",S:D614G
hCoV-19/USA/NY-NYUMC352/2020,20C,"ORF1a:H83Y,ORF1a:T265I,ORF1b:P314L,ORF1b:S2338L,S:D614G,ORF3a:Q57H",S:D614G
hCoV-19/USA/NY-NYUMC353/2020,20C,"ORF1a:T265I,ORF1b:P314L,ORF1b:S1779I,S:D614G,ORF3a:Q57H",S:D614G
hCoV-19/USA/NY-NYUMC354/2020,20C,"ORF1a:T265I,ORF1a:S3884L,ORF1b:P314L,ORF1b:A1844V,S:D614G,ORF3a:Q57H",S:D614G
hCoV-19/USA/NY-NYUMC355/2020,20C,"ORF1a:T265I,ORF1a:A1283V,ORF1a:S3884L,ORF1b:P314L,ORF1b:A1844V,S:D614G,ORF3a:Q57H",S:D614G
hCoV-19/USA/NY-NYUMC356/2020,20C,"ORF1a:T265I,ORF1b:P314L,S:D614G,ORF3a:Q57H",S:D614G
hCoV-19/USA/NY-NYUMC357/2020,20A,"ORF1b:P314L,S:D215Y,S:D614G,ORF3a:Q57H","S:D215Y,S:D614G"
hCoV-19/USA/NY-NYUMC358/2020,20C,"ORF1a:T265I,ORF1a:A2123V,ORF1b:P314L,ORF1b:S1089L,S:D614G,ORF3a:Q57H",S:D614G
hCoV-19/USA/NY-NYUMC359/2020,20C,"ORF1a:D152G,ORF1a:T265I,ORF1b:P314L,S:D614G,ORF3a:Q57H",S:D614G
hCoV-19/USA/NY-NYUMC36/2020,19A,"ORF1a:L3606F,ORF3a:G251V",
hCoV-19/USA/NY-NYUMC360/2020,20C,"ORF1a:T265I,ORF1a:S3884L,ORF1b:P314L,S:D614G,ORF3a:Q57H",S:D614G
hCoV-19/USA/NY-NYUMC361/2020,20C,"ORF1a:T265I,ORF1b:P314L,ORF1b:G661S,S:D614G,ORF3a:Q57H",S:D614G
hCoV-19/USA/NY-NYUMC362/2020,20C,"ORF1a:T265I,ORF1b:P314L,S:D614G,ORF3a:Q57H",S:D614G
hCoV-19/USA/NY-NYUMC363/2020,20A,"ORF1b:P314L,S:D215Y,S:D614G,ORF3a:Q57H","S:D215Y,S:D614G"
hCoV-19/USA/NY-NYUMC364/2020,20C,"ORF1a:T265I,ORF1b:P314L,S:D614G,ORF3a:Q57H",S:D614G
hCoV-19/USA/NY-NYUMC365/2020,20C,"ORF1a:T265I,ORF1b:P314L,S:D614G,ORF3a:Q57H",S:D614G
hCoV-19/USA/NY-NYUMC366/2020,20C,"ORF1a:T265I,ORF1b:P314L,ORF1b:R741C,S:D614G,ORF3a:Q57H",S:D614G
hCoV-19/USA/NJ-NYUMC367/2020,20C,"ORF1a:T265I,ORF1b:P314L,ORF1b:V2685F,S:D614G,ORF3a:Q57H",S:D614G
hCoV-19/USA/NY-NYUMC368/2020,20C,"ORF1a:T265I,ORF1b:P314L,S:D614G,ORF3a:Q57H",S:D614G
hCoV-19/USA/NY-NYUMC369/2020,20C,"ORF1a:T265I,ORF1a:T2166I,ORF1b:P314L,S:D614G,ORF3a:Q57H,N:A173V,ORF14:Q20*",S:D614G
hCoV-19/USA/NY-NYUMC37/2020,19B,"ORF1a:P804L,ORF8:L84S,N:S202N,ORF14:V49I",
hCoV-19/USA/NY-NYUMC370/2020,20C,"ORF1a:T265I,ORF1a:R2432K,ORF1b:P314L,S:H245Y,S:D614G,ORF3a:Q57H","S:H245Y,S:D614G"
hCoV-19/USA/NY-NYUMC371/2020,20C,"ORF1a:T265I,ORF1b:P314L,ORF1b:I2616M,S:D614G,ORF3a:Q57H",S:D614G
hCoV-19/USA/NY-NYUMC372/2020,20C,"ORF1a:T265I,ORF1b:P314L,S:D614G,ORF3a:Q57H",S:D614G
hCoV-19/USA/NY-NYUMC373/2020,20C,"ORF1a:T265I,ORF1a:S3884L,ORF1b:P314L,S:L5F,S:D614G,ORF3a:Q57H","S:L5F,S:D614G"
hCoV-19/USA/CT-NYUMC374/2020,20C,"ORF1a:T265I,ORF1a:M2259V,ORF1a:K3839R,ORF1b:P314L,ORF1b:V972I,ORF1b:F1635Y,S:D614G,ORF3a:Q57H",S:D614G
hCoV-19/USA/NY-NYUMC375/2020,20C,"ORF1a:T265I,ORF1b:P314L,S:D614G,ORF3a:Q57H,ORF3a:H182Y",S:D614G
hCoV-19/USA/NJ-NYUMC376/2020,20C,"ORF1a:T265I,ORF1b:P314L,ORF1b:T1050I,ORF1b:G2220R,S:D614G,ORF3a:Q57H",S:D614G
hCoV-19/USA/NY-NYUMC377/2020,20C,"ORF1a:T265I,ORF1a:C506Y,ORF1a:H3233Y,ORF1a:S3884L,ORF1b:P314L,ORF1b:A1844V,S:D614G,ORF3a:Q57H,ORF3a:F231S",S:D614G
hCoV-19/USA/NJ-NYUMC378/2020,20A,"ORF1a:L3606F,ORF1b:P314L,S:D614G,ORF3a:Q57H",S:D614G
hCoV-19/USA/NY-NYUMC379/2020,20C,"ORF1a:T265I,ORF1a:S3158G,ORF1a:S3884L,ORF1b:K82E,ORF1b:P314L,ORF1b:A1844V,S:E309Q,S:E554D,S:D614G,ORF3a:Q57H,N:T334I","S:E309Q,S:E554D,S:D614G"
hCoV-19/USA/NY-NYUMC38/2020,20C,"ORF1a:T265I,ORF1a:T1788M,ORF1b:P314L,S:D614G,ORF3a:Q57H",S:D614G
hCoV-19/USA/NY-NYUMC380/2020,20C,"ORF1a:T265I,ORF1a:A540V,ORF1b:P314L,S:D614G,S:A647S,ORF3a:Q57H","S:D614G,S:A647S"
hCoV-19/USA/NY-NYUMC381/2020,20C,"ORF1a:T265I,ORF1a:Q607H,ORF1b:P314L,S:D614G,ORF3a:Q57H",S:D614G
hCoV-19/USA/NY-NYUMC382/2020,20C,"ORF1a:T265I,ORF1a:S3884L,ORF1b:P314L,ORF1b:A1844V,S:D614G,ORF3a:Q57H,N:D377Y",S:D614G
hCoV-19/USA/NY-NYUMC383/2020,20A,"ORF1b:P314L,S:D614G,S:V1133F","S:D614G,S:V1133F"
hCoV-19/USA/NY-NYUMC384/2020,20C,"ORF1a:T265I,ORF1a:T551I,ORF1b:P314L,S:D614G,ORF3a:Q57H",S:D614G
hCoV-19/USA/NY-NYUMC385/2020,20C,"ORF1a:T265I,ORF1b:P314L,S:D614G,ORF3a:Q57H",S:D614G
hCoV-19/USA/NY-NYUMC386/2020,20B,"ORF1b:P314L,S:D614G,N:R203K,ORF14:G50R,ORF14:G50E,N:G204R",S:D614G
hCoV-19/USA/NY-NYUMC387/2020,20C,"ORF1a:T265I,ORF1a:A3529V,ORF1a:V3718F,ORF1b:P314L,ORF1b:P1570S,S:D614G,ORF3a:Q57H",S:D614G
hCoV-19/USA/NY-NYUMC388/2020,20C,"ORF1a:T265I,ORF1a:L3899F,ORF1b:P314L,S:D614G,ORF3a:Q57H",S:D614G
hCoV-19/USA/NY-NYUMC389/2020,20C,"ORF1a:T265I,ORF1b:P314L,S:S98F,S:D614G,ORF3a:Q57H","S:S98F,S:D614G"
hCoV-19/USA/NY-NYUMC39/2020,20C,"ORF1a:T265I,ORF1a:S3884L,ORF1b:D145Y,ORF1b:P314L,ORF1b:A1844V,S:D614G,ORF3a:Q57H",S:D614G
hCoV-19/USA/NY-NYUMC390/2020,20C,"ORF1a:T265I,ORF1b:P314L,S:D614G,ORF3a:Q57H",S:D614G
hCoV-19/USA/NY-NYUMC391/2020,20C,"ORF1a:T265I,ORF1b:P314L,S:D614G,ORF3a:Q57H",S:D614G
hCoV-19/USA/NY-NYUMC392/2020,20C,"ORF1a:T265I,ORF1a:S3884L,ORF1b:I97M,ORF1b:P314L,ORF1b:A1844V,S:D614G,ORF3a:Q57H",S:D614G
hCoV-19/USA/NY-NYUMC393/2020,20C,"ORF1a:T265I,ORF1a:A1283V,ORF1a:S3884L,ORF1b:P314L,ORF1b:A1844V,S:D614G,ORF3a:Q57H",S:D614G
hCoV-19/USA/NY-NYUMC394/2020,20C,"ORF1a:T265I,ORF1b:P314L,S:D614G,ORF3a:Q57H,ORF8:V62L",S:D614G
hCoV-19/USA/NY-NYUMC395/2020,20A,"ORF1a:A3070V,ORF1b:P314L,S:G181V,S:D614G","S:G181V,S:D614G"
hCoV-19/USA/NY-NYUMC396/2020,20B,"ORF1b:P314L,S:D614G,N:R203K,ORF14:G50R,ORF14:G50E,N:G204R",S:D614G
hCoV-19/USA/NY-NYUMC397/2020,20A,"ORF1a:L3796F,ORF1b:P314L,S:D614G,ORF3a:Q57H",S:D614G
hCoV-19/USA/NY-NYUMC398/2020,20C,"ORF1a:T265I,ORF1b:P314L,S:D614G,ORF3a:Q57H",S:D614G
hCoV-19/USA/NY-NYUMC399/2020,20C,"ORF1a:T265I,ORF1b:P314L,S:D614G,ORF3a:Q57H",S:D614G
hCoV-19/USA/NY-NYUMC4/2020,20A,"ORF1b:P314L,S:D614G",S:D614G
hCoV-19/USA/NY-NYUMC400/2020,20C,"ORF1a:T265I,ORF1a:A3620V,ORF1b:P314L,S:D614G,ORF3a:Q57H,N:S183T,N:Q229H",S:D614G
hCoV-19/USA/NJ-NYUMC401/2020,20C,"ORF1a:T265I,ORF1b:P314L,S:D614G,ORF3a:Q57H",S:D614G
hCoV-19/USA/NY-NYUMC402/2020,20C,"ORF1a:T265I,ORF1a:T1682I,ORF1a:T3905I,ORF1b:P314L,S:S94F,S:D614G,ORF3a:Q57H","S:S94F,S:D614G"
hCoV-19/USA/NY-NYUMC403/2020,20C,"ORF1a:T265I,ORF1a:G662R,ORF1a:A3529V,ORF1b:P314L,S:D614G,ORF3a:Q57H",S:D614G
hCoV-19/USA/NY-NYUMC404/2020,20C,"ORF1a:T265I,ORF1b:P314L,S:D614G,ORF3a:Q57H",S:D614G
hCoV-19/USA/NY-NYUMC405/2020,20C,"ORF1a:T265I,ORF1a:L2609F,ORF1b:L40I,ORF1b:P314L,S:D614G,ORF3a:Q57H,N:S183Y,ORF14:L30I",S:D614G
hCoV-19/USA/NY-NYUMC406/2020,20B,"ORF1b:P314L,S:L54F,S:D614G,N:R203K,ORF14:G50R,ORF14:G50E,N:G204R,N:T366I","S:L54F,S:D614G"
hCoV-19/USA/NY-NYUMC407/2020,20C,"ORF1a:T265I,ORF1b:P314L,S:D614G,ORF3a:Q57H",S:D614G
hCoV-19/USA/NY-NYUMC408/2020,20A,"ORF1b:P314L,ORF1b:A1861V,S:D614G,ORF3a:Q57H",S:D614G
hCoV-19/USA/NY-NYUMC409/2020,20C,"ORF1a:T265I,ORF1a:K2589R,ORF1a:L3606F,ORF1a:S3884L,ORF1b:P314L,S:D614G,ORF3a:Q57H",S:D614G
hCoV-19/USA/NY-NYUMC41/2020,20C,"ORF1a:T265I,ORF1a:R848K,ORF1b:P314L,S:D614G,ORF3a:Q57H",S:D614G
hCoV-19/USA/NY-NYUMC410/2020,20C,"ORF1a:T265I,ORF1a:A3529V,ORF1b:P314L,S:L5F,S:D614G,ORF3a:Q57H,ORF3a:K67N,N:D3H,N:D3V,N:D3E","S:L5F,S:D614G"
hCoV-19/USA/NY-NYUMC411/2020,20A,"ORF1b:P314L,S:D614G",S:D614G
hCoV-19/USA/NY-NYUMC412/2020,20C,"ORF1a:T265I,ORF1a:S3884L,ORF1b:P314L,ORF1b:A1844V,S:D614G,ORF3a:Q57H",S:D614G
hCoV-19/USA/NY-NYUMC413/2020,20C,"ORF1a:T265I,ORF1a:R3542C,ORF1a:S3884L,ORF1b:P314L,ORF1b:A1844V,S:D614G,ORF3a:Q57H",S:D614G
hCoV-19/USA/NY-NYUMC414/2020,20C,"ORF1a:T265I,ORF1a:D2060N,ORF1b:P314L,S:D614G,ORF3a:Q57H,N:R185L,ORF14:V32F",S:D614G
hCoV-19/USA/NY-NYUMC415/2020,20C,"ORF1a:T265I,ORF1b:P314L,S:D614G,S:M1050I,ORF3a:Q57H","S:D614G,S:M1050I"
hCoV-19/USA/NJ-NYUMC416/2020,20C,"ORF1a:T265I,ORF1a:S3884L,ORF1b:P314L,ORF1b:D2179Y,S:D614G,ORF3a:Q57H,N:A35S",S:D614G
hCoV-19/USA/NY-NYUMC417/2020,20C,"ORF1a:T265I,ORF1b:P314L,ORF1b:I457V,S:D614G,ORF3a:Q57H,ORF3a:V163L",S:D614G
hCoV-19/USA/NY-NYUMC418/2020,20A,"ORF1a:G1101S,ORF1a:S1978F,ORF1b:P314L,S:D614G,ORF3a:Q57H",S:D614G
hCoV-19/USA/NY-NYUMC419/2020,20C,"ORF1a:T265I,ORF1b:P314L,S:D614G,ORF3a:Q57H,N:D402Y",S:D614G
hCoV-19/USA/NY-NYUMC42/2020,20C,"ORF1a:T265I,ORF1b:P314L,S:D614G,S:V1176F,ORF3a:Q57H,N:S183Y,ORF14:L30I","S:D614G,S:V1176F"
hCoV-19/USA/NY-NYUMC420/2020,20C,"ORF1a:T265I,ORF1b:P314L,S:D614G,ORF3a:Q57H,ORF8:Q23H",S:D614G
hCoV-19/USA/NJ-NYUMC421/2020,20C,"ORF1a:T265I,ORF1a:Q3777R,ORF1b:P314L,S:D614G,ORF3a:Q57H,N:A134V",S:D614G
hCoV-19/USA/NY-NYUMC422/2020,20C,"ORF1a:T265I,ORF1a:S3884L,ORF1b:P314L,S:D614G,ORF3a:Q57H",S:D614G
hCoV-19/USA/NY-NYUMC423/2020,20C,"ORF1a:T265I,ORF1a:A4357V,ORF1b:P314L,S:D614G,ORF3a:Q57H",S:D614G
hCoV-19/USA/NY-NYUMC424/2020,20C,"ORF1a:T265I,ORF1b:P314L,S:D614G,ORF3a:Q57H",S:D614G
hCoV-19/USA/NY-NYUMC425/2020,20A,"ORF1a:P1921S,ORF1a:A3357V,ORF1b:P314L,S:D614G,ORF3a:Q57H",S:D614G
hCoV-19/USA/NY-NYUMC426/2020,20C,"ORF1a:T265I,ORF1a:L3606F,ORF1b:P314L,S:D614G,ORF3a:Q57H",S:D614G
hCoV-19/USA/NY-NYUMC427/2020,20C,"ORF1a:T265I,ORF1a:K1194E,ORF1a:S3884L,ORF1b:P314L,ORF1b:A1844V,S:D614G,ORF3a:Q57H",S:D614G
hCoV-19/USA/NY-NYUMC428/2020,20C,"ORF1a:T265I,ORF1b:P314L,S:D614G,ORF3a:Q57H",S:D614G
hCoV-19/USA/NY-NYUMC429/2020,20A,"ORF1a:N2081T,ORF1a:Y2099C,ORF1a:L2146F,ORF1b:P314L,S:D614G,ORF3a:Q57H",S:D614G
hCoV-19/USA/NY-NYUMC43/2020,20C,"ORF1a:T265I,ORF1b:P314L,ORF1b:P1427S,S:D614G,S:P631S,ORF3a:Q57H","S:D614G,S:P631S"
hCoV-19/USA/NY-NYUMC430/2020,20C,"ORF1a:T265I,ORF1b:P314L,S:D614G,ORF3a:Q57H,ORF8:Q23H",S:D614G
hCoV-19/USA/NY-NYUMC431/2020,20A,"ORF1b:P314L,S:D614G,ORF3a:Q57H",S:D614G
hCoV-19/USA/NY-NYUMC432/2020,20C,"ORF1a:T265I,ORF1b:P314L,S:D614G,S:P809S,ORF3a:Q57H","S:D614G,S:P809S"
hCoV-19/USA/NY-NYUMC433/2020,20C,"ORF1a:T265I,ORF1a:S3884L,ORF1b:P314L,ORF1b:A1844V,S:A27V,S:D614G,ORF3a:Q57H","S:A27V,S:D614G"
hCoV-19/USA/NY-NYUMC434/2020,20C,"ORF1a:T265I,ORF1a:S3884L,ORF1b:P314L,ORF1b:A1844V,S:D614G,ORF3a:Q57H",S:D614G
hCoV-19/USA/NY-NYUMC435/2020,20C,"ORF1a:T265I,ORF1b:P314L,S:D614G,ORF3a:T24I,ORF3a:Q57H",S:D614G
hCoV-19/USA/NY-NYUMC436/2020,20C,"ORF1a:T265I,ORF1a:S3884L,ORF1b:P314L,ORF1b:A1844V,S:D614G,ORF3a:Q57H",S:D614G
hCoV-19/USA/NY-NYUMC437/2020,20C,"ORF1a:T265I,ORF1b:P314L,S:D614G,ORF3a:Q57H",S:D614G
hCoV-19/USA/NY-NYUMC438/2020,20A,"ORF1a:N3537D,ORF1b:P314L,S:D614G,ORF3a:Q57H",S:D614G
hCoV-19/USA/NY-NYUMC439/2020,20C,"ORF1a:T265I,ORF1b:P314L,S:D614G,S:S659L,ORF3a:Q57H","S:D614G,S:S659L"
hCoV-19/USA/NY-NYUMC44/2020,20C,"ORF1a:T265I,ORF1a:T551I,ORF1b:P314L,S:D614G,ORF3a:Q57H",S:D614G
hCoV-19/USA/NY-NYUMC440/2020,20B,"ORF1a:K527N,ORF1b:P314L,S:D614G,ORF3a:Q38P,N:R203K,ORF14:G50R,ORF14:G50E,N:G204R",S:D614G
hCoV-19/USA/NY-NYUMC441/2020,20C,"ORF1a:T265I,ORF1b:P314L,S:L18F,S:D614G,ORF3a:Q57H","S:L18F,S:D614G"
hCoV-19/USA/NY-NYUMC442/2020,20C,"ORF1a:T265I,ORF1b:P314L,ORF1b:D870Y,S:D614G,ORF3a:Q57H",S:D614G
hCoV-19/USA/NY-NYUMC443/2020,20C,"ORF1a:L122F,ORF1a:T265I,ORF1a:T551I,ORF1a:A872V,ORF1b:P314L,ORF1b:K2557R,S:D614G,ORF3a:Q57H",S:D614G
hCoV-19/USA/NY-NYUMC444/2020,20A,"ORF1a:A3357V,ORF1b:P314L,S:D614G,ORF3a:Q57H",S:D614G
hCoV-19/USA/NY-NYUMC445/2020,20C,"ORF1a:T265I,ORF1b:P314L,S:D614G,S:H1101Y,ORF3a:Q57H,N:N29S,ORF9b:M26V","S:D614G,S:H1101Y"
hCoV-19/USA/NY-NYUMC446/2020,20C,"ORF1a:T265I,ORF1a:T551I,ORF1b:P314L,S:D614G,ORF3a:Q57H",S:D614G
hCoV-19/USA/NY-NYUMC447/2020,20C,"ORF1a:T265I,ORF1b:P314L,S:D614G,ORF3a:Q57H,ORF6:H3Y",S:D614G
hCoV-19/USA/NY-NYUMC448/2020,20C,"ORF1a:T265I,ORF1a:S2578F,ORF1a:S3884L,ORF1b:P314L,ORF1b:H1213Y,ORF1b:A1844V,S:D614G,ORF3a:Q57H",S:D614G
hCoV-19/USA/NY-NYUMC449/2020,20C,"ORF1a:T265I,ORF1b:P314L,S:D614G,ORF3a:Q57H",S:D614G
hCoV-19/USA/NY-NYUMC45/2020,20C,"ORF1a:T265I,ORF1a:P2046L,ORF1b:P314L,S:D614G,ORF3a:Q57H,N:S183Y,ORF14:L30I",S:D614G
hCoV-19/USA/NY-NYUMC450/2020,20C,"ORF1a:T265I,ORF1b:P314L,S:D614G,ORF3a:Q57H,M:H125Y",S:D614G
hCoV-19/USA/NY-NYUMC451/2020,20C,"ORF1a:T265I,ORF1a:G894S,ORF1b:S69A,ORF1b:P314L,S:D614G,ORF3a:Q57H",S:D614G
hCoV-19/USA/NJ-NYUMC452/2020,20C,"ORF1a:T265I,ORF1a:A1283V,ORF1a:S3884L,ORF1b:P314L,ORF1b:A1844V,S:D614G,ORF3a:Q57H",S:D614G
hCoV-19/USA/NY-NYUMC453/2020,20C,"ORF1a:T265I,ORF1b:P314L,S:D614G,ORF3a:Q57H",S:D614G
hCoV-19/USA/NY-NYUMC454/2020,20C,"ORF1a:T265I,ORF1b:P314L,S:D614G,ORF3a:Q57H,ORF7a:T39I",S:D614G
hCoV-19/USA/NY-NYUMC455/2020,20C,"ORF1a:T265I,ORF1b:P314L,ORF1b:G703S,S:D614G,ORF3a:Q57H",S:D614G
hCoV-19/USA/NY-NYUMC456/2020,20C,"ORF1a:T265I,ORF1b:P314L,ORF1b:A397S,ORF1b:V2223L,S:D614G,ORF3a:Q57H",S:D614G
hCoV-19/USA/NY-NYUMC457/2020,20C,"ORF1a:T265I,ORF1a:S3884L,ORF1b:P314L,ORF1b:A1844V,S:D614G,S:N717T,ORF3a:Q57H","S:D614G,S:N717T"
hCoV-19/USA/NY-NYUMC458/2020,20A,"ORF1b:P314L,S:D614G,ORF3a:Q57H,ORF8:Q72H",S:D614G
hCoV-19/USA/NY-NYUMC459/2020,20C,"ORF1a:T265I,ORF1a:S3884L,ORF1b:P314L,ORF1b:A1844V,S:D614G,ORF3a:Q57H",S:D614G
hCoV-19/USA/NY-NYUMC46/2020,20C,"ORF1a:T265I,ORF1a:A1283V,ORF1a:S3884L,ORF1b:P314L,ORF1b:A1844V,S:D614G,ORF3a:Q57H",S:D614G
hCoV-19/USA/NY-NYUMC460/2020,20C,"ORF1a:T265I,ORF1b:P314L,S:D614G,ORF3a:Q57H",S:D614G
hCoV-19/USA/NY-NYUMC461/2020,20C,"ORF1a:T265I,ORF1b:P314L,S:M153I,S:D614G,ORF3a:Q57H,N:S183Y,ORF14:L30I","S:M153I,S:D614G"
hCoV-19/USA/NY-NYUMC462/2020,20C,"ORF1a:T265I,ORF1b:P314L,ORF1b:N482S,S:D614G,ORF3a:Q57H",S:D614G
hCoV-19/USA/NY-NYUMC463/2020,20C,"ORF1a:T265I,ORF1a:S3884L,ORF1b:P314L,ORF1b:A1844V,ORF1b:M2269V,S:D614G,ORF3a:Q57H",S:D614G
hCoV-19/USA/NY-NYUMC464/2020,20C,"ORF1a:T265I,ORF1b:P314L,S:D614G,S:S704P,ORF3a:Q57H","S:D614G,S:S704P"
hCoV-19/USA/NY-NYUMC465/2020,20C,"ORF1a:T265I,ORF1a:R402L,ORF1b:P314L,S:D614G,ORF3a:Q57H,ORF7a:L12P",S:D614G
hCoV-19/USA/NY-NYUMC466/2020,20C,"ORF1a:T265I,ORF1b:P314L,ORF1b:R2613S,S:D614G,ORF3a:Q57H",S:D614G
hCoV-19/USA/NY-NYUMC467/2020,20C,"ORF1a:T265I,ORF1a:A4357V,ORF1b:P314L,S:D614G,ORF3a:Q57H",S:D614G
hCoV-19/USA/NY-NYUMC468/2020,20C,"ORF1a:T265I,ORF1b:P314L,ORF1b:A651S,S:D614G,ORF3a:Q57H,N:D377Y",S:D614G
hCoV-19/USA/NY-NYUMC469/2020,20C,"ORF1a:T265I,ORF1a:D4043G,ORF1b:P314L,S:D614G,ORF3a:Q57H",S:D614G
hCoV-19/USA/NY-NYUMC47/2020,19A,"ORF1a:I739V,ORF1a:P765S,ORF1a:S2242F,ORF1a:L3606F,S:L5F,ORF3a:G251V",S:L5F
hCoV-19/USA/NY-NYUMC470/2020,20C,"ORF1a:T265I,ORF1a:R2471S,ORF1a:A3220V,ORF1a:S3884L,ORF1b:P314L,ORF1b:A1844V,S:D215H,S:D614G,ORF3a:Q57H","S:D215H,S:D614G"
hCoV-19/USA/NY-NYUMC471/2020,20C,"ORF1a:T265I,ORF1a:A3070V,ORF1b:P314L,ORF1b:S2430R,S:L10I,S:D614G,ORF3a:Q57H,E:P71L","S:L10I,S:D614G"
hCoV-19/USA/NY-NYUMC472/2020,20C,"ORF1a:T265I,ORF1a:S3884L,ORF1b:P314L,ORF1b:A1844V,ORF1b:K1873N,S:D614G,ORF3a:Q57H",S:D614G
hCoV-19/USA/NY-NYUMC473/2020,20C,"ORF1a:T265I,ORF1a:T4161I,ORF1b:P314L,S:D614G,ORF3a:Q57H",S:D614G
hCoV-19/USA/NY-NYUMC474/2020,20C,"ORF1a:T265I,ORF1a:L3606F,ORF1b:P314L,S:D614G,ORF3a:Q57H",S:D614G
hCoV-19/USA/NY-NYUMC475/2020,20C,"ORF1a:T265I,ORF1b:P314L,S:D614G,ORF3a:Q57H,ORF8:Q23H",S:D614G
hCoV-19/USA/NY-NYUMC476/2020,20A,"ORF1a:N2081T,ORF1a:Y2099C,ORF1a:L2146F,ORF1b:P314L,S:D614G,ORF3a:Q57H",S:D614G
hCoV-19/USA/NY-NYUMC477/2020,20C,"ORF1a:T265I,ORF1b:P314L,ORF1b:A1131T,ORF1b:R1518G,S:D614G,S:K1191N,ORF3a:Q57H","S:D614G,S:K1191N"
hCoV-19/USA/NY-NYUMC478/2020,20B,"ORF1b:P314L,S:D614G,N:R203K,ORF14:G50R,ORF14:G50E,N:G204R",S:D614G
hCoV-19/USA/NY-NYUMC479/2020,20C,"ORF1a:T265I,ORF1b:P314L,ORF1b:P1664S,S:D614G,ORF3a:Q57H",S:D614G
hCoV-19/USA/NY-NYUMC48/2020,20C,"ORF1a:T265I,ORF1b:P314L,S:D614G,ORF3a:Q57H",S:D614G
hCoV-19/USA/NY-NYUMC480/2020,20C,"ORF1a:T265I,ORF1b:P314L,ORF1b:N482S,S:D614G,ORF3a:Q57H",S:D614G
hCoV-19/USA/NY-NYUMC481/2020,20C,"ORF1a:T265I,ORF1b:P314L,S:D614G,ORF3a:Q57H,ORF8:S24L",S:D614G
hCoV-19/USA/NY-NYUMC482/2020,20C,"ORF1a:T265I,ORF1a:S3884L,ORF1b:P314L,ORF1b:A1844V,S:D614G,ORF3a:Q57H",S:D614G
hCoV-19/USA/NY-NYUMC483/2020,20C,"ORF1a:T265I,ORF1b:P314L,S:D614G,ORF3a:Q57H,N:E367K",S:D614G
hCoV-19/USA/NY-NYUMC484/2020,20C,"ORF1a:P62S,ORF1a:T265I,ORF1a:A3070V,ORF1b:P314L,ORF1b:S2430R,S:L10I,S:D614G,ORF3a:Q57H,E:P71L","S:L10I,S:D614G"
hCoV-19/USA/NY-NYUMC49/2020,20C,"ORF1a:T265I,ORF1a:S3884L,ORF1b:P314L,ORF1b:S1023G,ORF1b:A1844V,S:D614G,ORF3a:Q57H",S:D614G
hCoV-19/USA/NY-NYUMC496/2020,19A,"ORF1a:P2605S,ORF1a:A3497T,ORF1a:L3606F,ORF1b:V2287I,ORF3a:G251V",
hCoV-19/USA/NY-NYUMC497/2020,19A,"ORF1a:T2264I,ORF1a:P2605S,ORF1a:L3606F,ORF3a:G251V",
hCoV-19/USA/NY-NYUMC498/2020,20C,"ORF1a:T265I,ORF1b:P314L,S:D614G,ORF3a:Q57H",S:D614G
hCoV-19/USA/NY-NYUMC499/2020,20C,"ORF1a:T265I,ORF1a:Y2003C,ORF1b:P314L,S:D614G,ORF3a:Q57H",S:D614G
hCoV-19/USA/NY-NYUMC5/2020,20C,"ORF1a:T265I,ORF1a:A2618V,ORF1a:S3884L,ORF1b:P314L,ORF1b:A1844V,S:D614G,ORF3a:Q57H",S:D614G
hCoV-19/USA/NY-NYUMC50/2020,20C,"ORF1a:T265I,ORF1a:K672N,ORF1b:P314L,ORF1b:P1664S,S:D614G,ORF3a:Q57H",S:D614G
hCoV-19/USA/NY-NYUMC500/2020,20C,"ORF1a:T265I,ORF1b:P314L,S:D614G,ORF3a:Q57H,N:Q289H",S:D614G
hCoV-19/USA/NY-NYUMC501/2020,20C,"ORF1a:T265I,ORF1a:P309L,ORF1b:P314L,S:D614G,ORF3a:Q57H",S:D614G
hCoV-19/USA/NY-NYUMC502/2020,20C,"ORF1a:T265I,ORF1a:S3884L,ORF1b:P314L,ORF1b:A1844V,S:D614G,ORF3a:Q57H,ORF3a:S60F",S:D614G
hCoV-19/USA/NY-NYUMC503/2020,20C,"ORF1a:T265I,ORF1b:P314L,ORF1b:S1893F,S:D614G,ORF3a:Q57H",S:D614G
hCoV-19/USA/NY-NYUMC504/2020,20C,"ORF1a:T265I,ORF1b:P314L,S:D614G,ORF3a:Q57H",S:D614G
hCoV-19/USA/NY-NYUMC505/2020,20C,"ORF1a:T265I,ORF1b:P314L,S:D614G,ORF3a:T24I,ORF3a:Q57H",S:D614G
hCoV-19/USA/NY-NYUMC506/2020,20C,"ORF1a:T265I,ORF1a:A2618V,ORF1a:S3884L,ORF1b:P314L,ORF1b:A1844V,S:D614G,ORF3a:Q57H",S:D614G
hCoV-19/USA/NY-NYUMC507/2020,20C,"ORF1a:T265I,ORF1a:S3884L,ORF1b:P314L,ORF1b:A1844V,S:D614G,ORF3a:Q57H",S:D614G
hCoV-19/USA/NY-NYUMC508/2020,20A,"ORF1b:P314L,S:D614G,ORF3a:Q57H,ORF3a:V112F",S:D614G
hCoV-19/USA/NY-NYUMC509/2020,20B,"ORF1b:P314L,S:D614G,ORF6:I33T,N:R203K,ORF14:G50R,ORF14:G50E,N:G204R,N:I292T",S:D614G
hCoV-19/USA/NY-NYUMC51/2020,20A,"ORF1b:P314L,S:D614G,ORF3a:Q57H",S:D614G
hCoV-19/USA/NY-NYUMC510/2020,20C,"ORF1a:T265I,ORF1b:P314L,S:D614G,ORF3a:Q57H",S:D614G
hCoV-19/USA/NY-NYUMC511/2020,20C,"ORF1a:T265I,ORF1a:S3884L,ORF1b:P314L,ORF1b:P1967L,S:D614G,ORF3a:Q57H",S:D614G
hCoV-19/USA/NY-NYUMC512/2020,20C,"ORF1a:T265I,ORF1b:P314L,S:D614G,ORF3a:Q57H",S:D614G
hCoV-19/USA/NY-NYUMC513/2020,20C,"ORF1a:T265I,ORF1a:T1538I,ORF1b:P314L,S:D614G,ORF3a:Q57H",S:D614G
hCoV-19/USA/NY-NYUMC514/2020,20B,"ORF1a:A656S,ORF1b:P314L,S:D614G,ORF3a:Q38P,N:R203K,ORF14:G50R,ORF14:G50E,N:G204R",S:D614G
hCoV-19/USA/NY-NYUMC515/2020,19B,"ORF1b:P1427L,ORF1b:Y1464C,ORF8:L84S",
hCoV-19/USA/NY-NYUMC516/2020,20C,"ORF1a:T265I,ORF1b:P314L,S:D614G,ORF3a:Q57H",S:D614G
hCoV-19/USA/NY-NYUMC517/2020,20C,"ORF1a:T265I,ORF1a:T1881I,ORF1a:S3884L,ORF1b:P314L,S:D614G,ORF3a:Q57H",S:D614G
hCoV-19/USA/NY-NYUMC518/2020,20C,"ORF1a:T265I,ORF1a:T3750I,ORF1b:P314L,S:D614G,ORF3a:Q57H,N:S190G,N:P383L",S:D614G
hCoV-19/USA/NY-NYUMC519/2020,20C,"ORF1a:T265I,ORF1a:S3884L,ORF1b:P314L,ORF1b:A1844V,S:D614G,ORF3a:Q57H,N:S202I,ORF14:V49L",S:D614G
hCoV-19/USA/NY-NYUMC52/2020,20C,"ORF1a:T265I,ORF1a:S3884L,ORF1b:P314L,ORF1b:A1844V,S:D614G,ORF3a:Q57H,N:D377Y",S:D614G
hCoV-19/USA/NY-NYUMC520/2020,19B,"ORF1b:P1427L,ORF1b:Y1464C,ORF8:L84S,ORF9b:K67R",
hCoV-19/USA/NY-NYUMC521/2020,20C,"ORF1a:T265I,ORF1b:P314L,S:D614G,ORF3a:Q57H",S:D614G
hCoV-19/USA/NY-NYUMC522/2020,20C,"ORF1a:T265I,ORF1b:P314L,S:D614G,ORF3a:Q57H",S:D614G
hCoV-19/USA/NY-NYUMC523/2020,20C,"ORF1a:T265I,ORF1b:P314L,S:D614G,ORF3a:Q57H,ORF9b:M78T",S:D614G
hCoV-19/USA/NY-NYUMC524/2020,20C,"ORF1a:T265I,ORF1a:H2799Y,ORF1b:P314L,S:D614G,ORF3a:Q57H",S:D614G
hCoV-19/USA/NY-NYUMC525/2020,20C,"ORF1a:T265I,ORF1b:P314L,S:S98F,S:D614G,ORF3a:Q57H,ORF8:F108V,N:I337V","S:S98F,S:D614G"
hCoV-19/USA/NY-NYUMC526/2020,20C,"ORF1a:T265I,ORF1a:M585V,ORF1a:T3940I,ORF1b:P314L,S:Y145H,S:D614G,ORF3a:Q57H","S:Y145H,S:D614G"
hCoV-19/USA/NY-NYUMC527/2020,20C,"ORF1a:T265I,ORF1a:L4182F,ORF1b:P314L,S:D614G,ORF3a:Q57H",S:D614G
hCoV-19/USA/NY-NYUMC528/2020,20C,"ORF1a:T265I,ORF1b:P314L,S:D614G,ORF3a:Q57H",S:D614G
hCoV-19/USA/NY-NYUMC529/2020,20C,"ORF1a:T265I,ORF1a:S3884L,ORF1b:P314L,ORF1b:A1844V,S:D614G,ORF3a:Q57H",S:D614G
hCoV-19/USA/NY-NYUMC53/2020,20C,"ORF1a:T265I,ORF1b:P314L,S:D614G,ORF3a:Q57H",S:D614G
hCoV-19/USA/NY-NYUMC530/2020,20B,"ORF1a:A1314V,ORF1a:G3334S,ORF1b:P314L,ORF1b:P2531T,S:D614G,N:R203K,ORF14:G50R,ORF14:G50E,N:G204R",S:D614G
hCoV-19/USA/NY-NYUMC531/2020,20C,"ORF1a:T265I,ORF1a:S3884L,ORF1b:P314L,ORF1b:A1844V,S:D614G,ORF3a:Q57H",S:D614G
hCoV-19/USA/NY-NYUMC532/2020,20C,"ORF1a:T265I,ORF1a:A1283V,ORF1a:S3884L,ORF1b:P314L,ORF1b:A1844V,S:D614G",S:D614G
hCoV-19/USA/NY-NYUMC533/2020,20C,"ORF1a:T265I,ORF1b:P314L,S:D614G,ORF3a:Q57H,ORF7a:S36P",S:D614G
hCoV-19/USA/NY-NYUMC534/2020,20C,"ORF1a:T265I,ORF1a:S3884L,ORF1b:P314L,S:D614G,ORF3a:Q57H",S:D614G
hCoV-19/USA/NY-NYUMC535/2020,19B,"ORF1a:P804L,S:D950H,ORF8:L84S,N:S202N,ORF14:V49I",S:D950H
hCoV-19/USA/NY-NYUMC536/2020,20C,"ORF1a:T265I,ORF1b:P314L,ORF1b:V1379I,S:D614G,ORF3a:Q57H",S:D614G
hCoV-19/USA/NY-NYUMC537/2020,20C,"ORF1a:T265I,ORF1b:P314L,S:D614G,ORF3a:Q57H,N:S183Y,ORF14:L30I",S:D614G
hCoV-19/USA/NJ-NYUMC538/2020,20C,"ORF1a:T265I,ORF1a:A3529V,ORF1b:P314L,ORF1b:G2235C,S:D614G,ORF3a:W45L,ORF3a:Q57H",S:D614G
hCoV-19/USA/NY-NYUMC539/2020,20A,"ORF1b:P314L,S:D614G",S:D614G
hCoV-19/USA/NY-NYUMC54/2020,20B,"ORF1b:P314L,S:D614G,ORF14:G50E,N:G204R",S:D614G
hCoV-19/USA/NY-NYUMC540/2020,20C,"ORF1a:T265I,ORF1b:P314L,S:D614G,ORF3a:Q57H,ORF3a:W131L",S:D614G
hCoV-19/USA/NY-NYUMC541/2020,20C,"ORF1a:T265I,ORF1b:P314L,S:D614G,ORF3a:Q57H",S:D614G
hCoV-19/USA/NY-NYUMC542/2020,20C,"ORF1a:T265I,ORF1b:P314L,S:D614G,ORF3a:Q57H,N:S183Y,ORF14:L30I",S:D614G
hCoV-19/USA/NY-NYUMC543/2020,20C,"ORF1a:T265I,ORF1a:S3884L,ORF1b:P314L,S:D614G,ORF3a:Q57H",S:D614G
hCoV-19/USA/NY-NYUMC544/2020,20C,"ORF1a:T265I,ORF1a:T551I,ORF1a:S2797F,ORF1b:P314L,ORF1b:P976S,S:D614G,ORF3a:Q57H,N:R209K,ORF14:E56K",S:D614G
hCoV-19/USA/NY-NYUMC545/2020,20C,"ORF1a:T265I,ORF1a:Q1365H,ORF1b:P314L,S:D614G,ORF3a:Q57H",S:D614G
hCoV-19/USA/NY-NYUMC546/2020,20C,"ORF1a:T265I,ORF1a:P3371S,ORF1a:T4175I,ORF1b:P314L,S:D614G,ORF3a:Q57H",S:D614G
hCoV-19/USA/NY-NYUMC547/2020,20C,"ORF1a:T265I,ORF1a:S3884L,ORF1b:P314L,ORF1b:A1844V,S:D614G,ORF3a:Q57H",S:D614G
hCoV-19/USA/NY-NYUMC548/2020,20C,"ORF1a:T265I,ORF1b:P314L,S:D614G,ORF3a:Q57H",S:D614G
hCoV-19/USA/NY-NYUMC549/2020,20C,"ORF1a:T265I,ORF1a:P4075S,ORF1b:P314L,S:D614G,ORF3a:Q57H,N:P383L",S:D614G
hCoV-19/USA/NY-NYUMC55/2020,20C,"ORF1a:T265I,ORF1b:P314L,S:D614G,ORF3a:Q57H",S:D614G
hCoV-19/USA/NY-NYUMC550/2020,20C,"ORF1a:T265I,ORF1a:H3580Y,ORF1a:S3885F,ORF1b:P314L,S:L5F,S:D614G,ORF3a:Q57H","S:L5F,S:D614G"
hCoV-19/USA/NY-NYUMC551/2020,20C,"ORF1a:T265I,ORF1b:P314L,S:D614G,ORF3a:Q57H",S:D614G
hCoV-19/USA/NY-NYUMC552/2020,20C,"ORF1a:T265I,ORF1b:P314L,S:D614G,ORF3a:Q57H",S:D614G
hCoV-19/USA/NJ-NYUMC553/2020,20C,"ORF1a:T265I,ORF1a:A3529V,ORF1b:P314L,ORF1b:G2235C,S:D614G,ORF3a:W45L,ORF3a:Q57H",S:D614G
hCoV-19/USA/NY-NYUMC554/2020,20C,"ORF1a:T265I,ORF1b:P314L,ORF1b:S2430R,S:D614G,ORF3a:Q57H",S:D614G
hCoV-19/USA/NY-NYUMC555/2020,20C,"ORF1a:T265I,ORF1b:P314L,S:D614G,ORF3a:Q57H",S:D614G
hCoV-19/USA/NY-NYUMC556/2020,20B,"ORF1b:P314L,S:D614G,ORF3a:Q38P,N:R203K,ORF14:G50R,ORF14:G50E,N:G204R",S:D614G
hCoV-19/USA/NY-NYUMC557/2020,20C,"ORF1a:L3606F,ORF1b:P314L,ORF1b:N482S,S:D614G,ORF3a:Q57H",S:D614G
hCoV-19/USA/NY-NYUMC558/2020,20C,"ORF1a:T265I,ORF1a:A3454V,ORF1a:S3884L,ORF1b:P314L,ORF1b:T2084I,S:D614G,ORF3a:Q57H",S:D614G
hCoV-19/USA/NY-NYUMC559/2020,20C,"ORF1a:T265I,ORF1a:A3529V,ORF1b:P314L,S:D614G,ORF3a:Q57H",S:D614G
hCoV-19/USA/NY-NYUMC56/2020,20C,"ORF1a:T265I,ORF1b:P314L,S:D614G,ORF3a:Q57H",S:D614G
hCoV-19/USA/NY-NYUMC560/2020,20C,"ORF1a:T265I,ORF1b:P314L,S:P384S,S:D614G,ORF3a:Q57H","S:P384S,S:D614G"
hCoV-19/USA/NY-NYUMC561/2020,20C,"ORF1a:T265I,ORF1a:T4164I,ORF1b:P314L,S:D614G,ORF3a:Q57H",S:D614G
hCoV-19/USA/NY-NYUMC562/2020,20C,"ORF1a:T265I,ORF1b:P314L,ORF1b:E1288D,S:D614G,ORF3a:T24I,ORF3a:Q57H",S:D614G
hCoV-19/USA/NY-NYUMC563/2020,20A,"ORF1b:P314L,ORF1b:A2476S,S:D614G,S:H1101Y","S:D614G,S:H1101Y"
hCoV-19/USA/NY-NYUMC564/2020,20C,"ORF1a:T265I,ORF1b:P314L,ORF1b:T1404M,ORF1b:S1893F,S:D614G,ORF3a:T24I,ORF3a:Q57H",S:D614G
hCoV-19/USA/NY-NYUMC565/2020,19B,"ORF1a:D75E,ORF1a:P971L,ORF1a:M4071I,ORF1b:F1757L,ORF8:V62L,ORF8:L84S,N:A208G,ORF14:L55V",
hCoV-19/USA/NY-NYUMC566/2020,20C,"ORF1a:T265I,ORF1a:S3884L,ORF1b:P314L,ORF1b:A1844V,S:D614G,ORF3a:Q57H,N:S197L,ORF14:Q44*",S:D614G
hCoV-19/USA/NY-NYUMC567/2020,20C,"ORF1a:T265I,ORF1a:S3884L,ORF1b:P314L,S:D614G,ORF3a:Q57H",S:D614G
hCoV-19/USA/NY-NYUMC568/2020,20C,"ORF1a:T265I,ORF1b:P314L,S:D614G,ORF3a:Q57H",S:D614G
hCoV-19/USA/NY-NYUMC569/2020,20C,"ORF1a:T265I,ORF1b:P314L,S:D614G,ORF3a:Q57H",S:D614G
hCoV-19/USA/NY-NYUMC57/2020,20C,"ORF1a:T265I,ORF1a:A3529V,ORF1b:P314L,S:D614G,ORF3a:Q57H",S:D614G
hCoV-19/USA/NY-NYUMC570/2020,20C,"ORF1a:T265I,ORF1a:P2221S,ORF1a:S3884L,ORF1b:P314L,ORF1b:T1404M,ORF1b:A1844V,S:D614G,ORF3a:Q57H",S:D614G
hCoV-19/USA/NY-NYUMC571/2020,20C,"ORF1a:T265I,ORF1b:P314L,S:D614G,ORF3a:Q57H",S:D614G
hCoV-19/USA/NY-NYUMC572/2020,20A,"ORF1a:V14A,ORF1b:P314L,S:D614G",S:D614G
hCoV-19/USA/NY-NYUMC573/2020,20C,"ORF1a:T265I,ORF1a:A3529V,ORF1b:P314L,S:D614G,ORF3a:Q57H",S:D614G
hCoV-19/USA/NY-NYUMC574/2020,20C,"ORF1a:T265I,ORF1b:P314L,S:D614G,ORF3a:Q57H",S:D614G
hCoV-19/USA/NY-NYUMC575/2020,20B,"ORF1b:P314L,S:D614G,N:R203K,ORF14:G50R,ORF14:G50E,N:G204R",S:D614G
hCoV-19/USA/NY-NYUMC576/2020,20C,"ORF1a:T265I,ORF1a:S3884L,ORF1b:P314L,ORF1b:A1844V,S:D614G,ORF3a:Q57H",S:D614G
hCoV-19/USA/NY-NYUMC577/2020,20C,"ORF1a:T265I,ORF1a:V306F,ORF1a:S3884L,ORF1b:P314L,ORF1b:A1844V,S:D614G,ORF3a:Q57H",S:D614G
hCoV-19/USA/NY-NYUMC578/2020,20C,"ORF1a:T265I,ORF1a:G1155D,ORF1a:S3884L,ORF1b:P314L,ORF1b:A1844V,S:D614G,ORF3a:Q57H",S:D614G
hCoV-19/USA/NY-NYUMC579/2020,20C,"ORF1a:T265I,ORF1b:P314L,S:D614G,ORF3a:Q57H",S:D614G
hCoV-19/USA/NY-NYUMC58/2020,20C,"ORF1a:T265I,ORF1a:R848K,ORF1b:P314L,S:D614G,ORF3a:Q57H",S:D614G
hCoV-19/USA/NY-NYUMC580/2020,20B,"ORF1b:P314L,S:D614G,M:L124F,N:R203K,ORF14:G50R,ORF14:G50E,N:G204R",S:D614G
hCoV-19/USA/NY-NYUMC581/2020,20C,"ORF1a:T265I,ORF1b:P314L,ORF1b:P2321L,S:D614G,ORF3a:T24I,ORF3a:Q57H",S:D614G
hCoV-19/USA/NY-NYUMC582/2020,20C,"ORF1a:T265I,ORF1a:L3352F,ORF1b:P314L,S:D614G,ORF3a:Q57H,ORF8:S24L",S:D614G
hCoV-19/USA/NY-NYUMC583/2020,20C,"ORF1a:T265I,ORF1a:T1682I,ORF1b:P314L,S:D614G,ORF3a:Q57H",S:D614G
hCoV-19/USA/NY-NYUMC584/2020,20C,"ORF1a:T265I,ORF1b:P314L,S:D614G,ORF3a:Q57H",S:D614G
hCoV-19/USA/NY-NYUMC585/2020,20C,"ORF1a:T265I,ORF1a:T350I,ORF1b:P314L,S:V127F,S:D614G,ORF3a:Q57H,N:S184P","S:V127F,S:D614G"
hCoV-19/USA/NY-NYUMC586/2020,20C,"ORF1a:T265I,ORF1a:V3718F,ORF1b:P314L,S:D614G,ORF3a:Q57H",S:D614G
hCoV-19/USA/NY-NYUMC587/2020,20C,"ORF1a:T265I,ORF1b:P314L,S:P384S,S:D614G,ORF3a:Q57H","S:P384S,S:D614G"
hCoV-19/USA/NY-NYUMC588/2020,20C,"ORF1a:T265I,ORF1a:S3884L,ORF1b:P314L,ORF1b:A1844V,S:D614G,ORF3a:Q57H",S:D614G
hCoV-19/USA/NY-NYUMC589/2020,20C,"ORF1a:T265I,ORF1a:S3884L,ORF1b:P314L,S:D614G,ORF3a:Q57H,ORF7a:T28I",S:D614G
hCoV-19/USA/NY-NYUMC59/2020,20C,"ORF1a:T265I,ORF1a:A2001V,ORF1b:P314L,ORF1b:A1844V,S:D614G,ORF3a:Q57H",S:D614G
hCoV-19/USA/NY-NYUMC590/2020,20C,"ORF1a:T265I,ORF1a:S318L,ORF1a:G401C,ORF1a:L3606F,ORF1b:P314L,S:D614G,ORF3a:Q57H",S:D614G
hCoV-19/USA/NY-NYUMC591/2020,20C,"ORF1a:T265I,ORF1a:T551I,ORF1b:P314L,ORF1b:P2313L,S:D614G,ORF3a:Q57H",S:D614G
hCoV-19/USA/NY-NYUMC592/2020,20A,"ORF1b:P314L,ORF1b:V1639I,S:D614G,ORF3a:Q57H",S:D614G
hCoV-19/USA/NY-NYUMC593/2020,20C,"ORF1a:T265I,ORF1b:P314L,S:D614G,ORF3a:Q57H",S:D614G
hCoV-19/USA/NY-NYUMC594/2020,20C,"ORF1a:T265I,ORF1a:T1567I,ORF1b:P314L,ORF1b:M1499I,S:D614G,ORF3a:Q57H",S:D614G
hCoV-19/USA/NY-NYUMC595/2020,20C,"ORF1a:T265I,ORF1b:P314L,S:D614G,ORF3a:Q57H",S:D614G
hCoV-19/USA/NY-NYUMC596/2020,20C,"ORF1a:T265I,ORF1a:N1540S,ORF1b:P314L,S:D614G,ORF3a:Q57H",S:D614G
hCoV-19/USA/NY-NYUMC597/2020,20C,"ORF1a:T265I,ORF1b:P314L,ORF1b:N482S,S:D614G,ORF3a:Q57H",S:D614G
hCoV-19/USA/NY-NYUMC598/2020,20C,"ORF1a:T265I,ORF1b:P314L,S:T323I,S:D614G,ORF3a:Q57H","S:T323I,S:D614G"
hCoV-19/USA/NY-NYUMC599/2020,20C,"ORF1a:T265I,ORF1b:P314L,S:D614G,ORF3a:Q57H",S:D614G
hCoV-19/USA/NY-NYUMC600/2020,20C,"ORF1a:T265I,ORF1a:S3884L,ORF1b:P314L,ORF1b:A1844V,S:D614G,ORF3a:Q57H",S:D614G
hCoV-19/USA/NY-NYUMC601/2020,20B,"ORF1b:P314L,S:D614G,ORF3a:Q38P,N:R203K,ORF14:G50R,ORF14:G50E,N:G204R",S:D614G
hCoV-19/USA/NY-NYUMC602/2020,20C,"ORF1a:T265I,ORF1b:P314L,S:D614G,ORF3a:Q57H",S:D614G
hCoV-19/USA/NY-NYUMC603/2020,20C,"ORF1a:T265I,ORF1a:S3884L,ORF1b:P314L,ORF1b:P1967L,S:D614G,ORF3a:Q57H",S:D614G
hCoV-19/USA/NY-NYUMC604/2020,20C,"ORF1a:T265I,ORF1a:D2060N,ORF1b:P314L,S:D614G,ORF3a:Q57H,N:R185L,ORF14:V32F",S:D614G
hCoV-19/USA/NY-NYUMC605/2020,20C,"ORF1a:T265I,ORF1b:P314L,S:D614G,ORF3a:Q57H,N:T247I",S:D614G
hCoV-19/USA/NY-NYUMC606/2020,20C,"ORF1a:T265I,ORF1b:P314L,S:D614G,ORF3a:Q57H",S:D614G
hCoV-19/USA/NY-NYUMC607/2020,20C,"ORF1a:T265I,ORF1a:H417N,ORF1b:P314L,S:D614G,ORF3a:Q57H",S:D614G
hCoV-19/USA/NY-NYUMC608/2020,20C,"ORF1a:T265I,ORF1b:P314L,S:D614G,ORF3a:Q57H",S:D614G
hCoV-19/USA/NY-NYUMC609/2020,20C,"ORF1a:T265I,ORF1b:P314L,ORF1b:N482S,S:D614G,ORF3a:Q57H",S:D614G
hCoV-19/USA/NY-NYUMC61/2020,20C,"ORF1a:T265I,ORF1b:P314L,S:D614G,ORF3a:Q57H",S:D614G
hCoV-19/USA/NY-NYUMC610/2020,20B,"ORF1b:P314L,S:D614G,S:P812L,M:T175M,N:R203K,ORF14:G50R,ORF14:G50E,N:G204R","S:D614G,S:P812L"
hCoV-19/USA/NY-NYUMC611/2020,20C,"ORF1a:T265I,ORF1b:P314L,S:L5F,S:D614G,ORF3a:Q57H","S:L5F,S:D614G"
hCoV-19/USA/NY-NYUMC612/2020,20C,"ORF1a:T265I,ORF1b:P314L,ORF1b:S442I,S:D614G,ORF3a:Q57H",S:D614G
hCoV-19/USA/NY-NYUMC613/2020,20C,"ORF1a:T265I,ORF1b:P314L,S:D614G,ORF3a:Q57H",S:D614G
hCoV-19/USA/NY-NYUMC614/2020,20C,"ORF1a:T265I,ORF1b:P314L,S:D614G,ORF3a:Q57H,M:I151V",S:D614G
hCoV-19/USA/NY-NYUMC615/2020,20C,"ORF1a:T265I,ORF1a:S3884L,ORF1b:P314L,ORF1b:A1844V,S:D614G,ORF3a:Q57H",S:D614G
hCoV-19/USA/NY-NYUMC616/2020,20C,"ORF1a:T265I,ORF1b:P314L,S:D614G,ORF3a:Q57H",S:D614G
hCoV-19/USA/NY-NYUMC617/2020,20C,"ORF1a:T265I,ORF1a:S3884L,ORF1b:P314L,ORF1b:N2630S,S:D614G,ORF3a:Q57H",S:D614G
hCoV-19/USA/NY-NYUMC618/2020,20C,"ORF1a:T265I,ORF1a:L1334S,ORF1b:P314L,ORF1b:S2339F,S:D614G,ORF3a:Q57H",S:D614G
hCoV-19/USA/NY-NYUMC619/2020,20C,"ORF1a:T265I,ORF1b:P314L,S:D614G,ORF3a:Q57H,N:G147S,N:S183Y,ORF14:L30I",S:D614G
hCoV-19/USA/NY-NYUMC62/2020,20C,"ORF1a:T265I,ORF1a:S3884L,ORF1b:P314L,ORF1b:A1844V,S:D614G,ORF3a:Q57H",S:D614G
hCoV-19/USA/NY-NYUMC620/2020,20C,"ORF1a:T265I,ORF1a:G445R,ORF1b:P314L,S:D614G,ORF3a:Q57H,N:S193I,ORF14:V40F,N:A376S",S:D614G
hCoV-19/USA/NY-NYUMC621/2020,20C,"ORF1a:T265I,ORF1b:P314L,ORF1b:N482S,S:D614G,ORF3a:Q57H",S:D614G
hCoV-19/USA/NY-NYUMC622/2020,20A,"ORF1b:F213L,ORF1b:P314L,S:D614G,ORF3a:Q57H",S:D614G
hCoV-19/USA/NY-NYUMC623/2020,20B,"ORF1b:P314L,S:D614G,N:R203K,ORF14:G50R,ORF14:G50E,N:G204R",S:D614G
hCoV-19/USA/NY-NYUMC624/2020,20C,"ORF1a:T265I,ORF1a:L3606F,ORF1b:P314L,S:D614G,ORF3a:Q57H",S:D614G
hCoV-19/USA/NJ-NYUMC625/2020,20C,"ORF1a:T265I,ORF1b:P314L,S:D614G,ORF3a:Q57H",S:D614G
hCoV-19/USA/NY-NYUMC626/2020,20C,"ORF1a:T265I,ORF1a:T551I,ORF1b:P314L,ORF1b:G2180S,S:D614G,ORF3a:Q57H",S:D614G
hCoV-19/USA/NJ-NYUMC627/2020,20C,"ORF1a:T265I,ORF1a:S3884L,ORF1b:P314L,S:D614G,ORF3a:Q57H",S:D614G
hCoV-19/USA/NY-NYUMC628/2020,20A,"ORF1a:L3606F,ORF1b:P314L,S:D614G,ORF3a:K61N",S:D614G
hCoV-19/USA/NY-NYUMC629/2020,20C,"ORF1a:T265I,ORF1a:F586C,ORF1a:A3960S,ORF1b:S220G,ORF1b:P314L,S:D614G,ORF3a:Q57H",S:D614G
hCoV-19/USA/NY-NYUMC63/2020,20C,"ORF1a:T265I,ORF1a:N1062S,ORF1b:P314L,S:D614G,ORF3a:Q57H",S:D614G
hCoV-19/USA/NY-NYUMC630/2020,20C,"ORF1a:T265I,ORF1b:P314L,S:D614G,ORF3a:Q57H",S:D614G
hCoV-19/USA/NY-NYUMC631/2020,20C,"ORF1a:T265I,ORF1b:P314L,ORF1b:S442I,S:D614G,ORF3a:Q57H",S:D614G
hCoV-19/USA/NY-NYUMC632/2020,20C,"ORF1a:T265I,ORF1a:F3794I,ORF1a:S3884L,ORF1b:P314L,S:D614G,S:S680F,ORF3a:Q57H,N:G30V,ORF9b:E27*","S:D614G,S:S680F"
hCoV-19/USA/NY-NYUMC633/2020,20C,"ORF1a:T265I,ORF1b:P314L,S:D614G,ORF3a:Q57H",S:D614G
hCoV-19/USA/NY-NYUMC634/2020,20C,"ORF1a:T265I,ORF1b:P314L,ORF1b:N482S,S:D614G,ORF3a:Q57H",S:D614G
hCoV-19/USA/NY-NYUMC635/2020,20C,"ORF1a:T265I,ORF1b:P314L,S:D614G,ORF3a:Q57H",S:D614G
hCoV-19/USA/NY-NYUMC636/2020,20C,"ORF1a:T265I,ORF1b:P314L,ORF1b:Q1509H,S:D614G,ORF3a:Q57H,ORF3a:S166L",S:D614G
hCoV-19/USA/NY-NYUMC637/2020,20C,"ORF1a:T265I,ORF1a:P2079S,ORF1b:P314L,S:D614G,ORF3a:Q57H",S:D614G
hCoV-19/USA/NJ-NYUMC638/2020,20C,"ORF1a:T265I,ORF1a:S3884L,ORF1b:P314L,ORF1b:A1844V,S:D614G,ORF3a:Q57H",S:D614G
hCoV-19/USA/NY-NYUMC639/2020,20C,"ORF1a:T265I,ORF1a:A3529V,ORF1b:P314L,S:D614G,ORF3a:Q57H,ORF3a:A110V",S:D614G
hCoV-19/USA/NY-NYUMC64/2020,20C,"ORF1a:T265I,ORF1a:P3395L,ORF1b:P314L,S:D614G,ORF3a:Q57H",S:D614G
hCoV-19/USA/NY-NYUMC640/2020,20C,"ORF1a:T265I,ORF1a:L1145F,ORF1a:S3884L,ORF1b:P314L,S:D614G,ORF3a:Q57H",S:D614G
hCoV-19/USA/NY-NYUMC641/2020,20C,"ORF1a:T265I,ORF1a:V378I,ORF1a:S3884L,ORF1b:P314L,ORF1b:A1844V,S:D614G,S:S640A,ORF3a:Q57H","S:D614G,S:S640A"
hCoV-19/USA/NY-NYUMC642/2020,20C,"ORF1a:T265I,ORF1a:S3884L,ORF1b:P314L,S:D614G,ORF3a:Q57H",S:D614G
hCoV-19/USA/NY-NYUMC643/2020,20B,"ORF1a:L580F,ORF1a:T1822I,ORF1b:P314L,S:C15F,S:D614G,N:R203K,ORF14:G50R,N:G204R","S:C15F,S:D614G"
hCoV-19/USA/NY-NYUMC644/2020,20C,"ORF1a:T265I,ORF1a:A3529V,ORF1b:P314L,S:D614G,ORF3a:Q57H",S:D614G
hCoV-19/USA/NY-NYUMC645/2020,20A,"ORF1b:P314L,ORF1b:A572S,S:D614G,ORF3a:Q57H",S:D614G
hCoV-19/USA/NY-NYUMC646/2020,20C,"ORF1a:T265I,ORF1b:P314L,S:D614G,ORF3a:Q57H,ORF8:E110*",S:D614G
hCoV-19/USA/NY-NYUMC647/2020,20C,"ORF1a:T265I,ORF1a:S3884L,ORF1b:P314L,ORF1b:A1844V,S:D614G,ORF3a:Q57H",S:D614G
hCoV-19/USA/NY-NYUMC648/2020,20C,"ORF1a:T265I,ORF1a:D996Y,ORF1b:P314L,S:D614G,ORF3a:Q57H",S:D614G
hCoV-19/USA/NY-NYUMC649/2020,20C,"ORF1a:T265I,ORF1b:P314L,ORF1b:M1839I,S:D614G,ORF3a:Q57H,N:A152V",S:D614G
hCoV-19/USA/NY-NYUMC65/2020,20C,"ORF1a:T265I,ORF1b:P314L,S:D614G,ORF3a:Q57H",S:D614G
hCoV-19/USA/NY-NYUMC650/2020,20C,"ORF1a:T265I,ORF1a:L3606F,ORF1b:P314L,S:D614G,ORF3a:Q57H",S:D614G
hCoV-19/USA/NY-NYUMC651/2020,20C,"ORF1a:T265I,ORF1b:P314L,S:D614G,ORF3a:Q57H,N:S183Y,ORF14:L30I",S:D614G
hCoV-19/USA/NY-NYUMC652/2020,20C,"ORF1a:T265I,ORF1b:P314L,ORF1b:S442I,S:D614G,ORF3a:Q57H",S:D614G
hCoV-19/USA/NY-NYUMC653/2020,20C,"ORF1a:T265I,ORF1b:P314L,S:D614G,ORF3a:Q57H",S:D614G
hCoV-19/USA/NY-NYUMC654/2020,20C,"ORF1a:T265I,ORF1b:P314L,ORF1b:S2430R,S:S359N,S:D614G,ORF3a:Q57H","S:S359N,S:D614G"
hCoV-19/USA/NY-NYUMC655/2020,20C,"ORF1a:T265I,ORF1a:S3884L,ORF1b:P314L,ORF1b:A1844V,S:D614G,ORF3a:Q57H,ORF3a:S74F,N:M322I",S:D614G
hCoV-19/USA/NY-NYUMC656/2020,20C,"ORF1a:T265I,ORF1a:T551I,ORF1b:P314L,S:D614G,ORF3a:Q57H",S:D614G
hCoV-19/USA/NY-NYUMC657/2020,20C,"ORF1a:T265I,ORF1b:P314L,S:A27V,S:D614G,ORF3a:Q57H","S:A27V,S:D614G"
hCoV-19/USA/NY-NYUMC658/2020,20C,"ORF1a:T265I,ORF1b:P314L,S:D614G,ORF3a:Q57H",S:D614G
hCoV-19/USA/NY-NYUMC659/2020,20C,"ORF1a:T265I,ORF1a:P2221S,ORF1a:S3884L,ORF1b:P314L,ORF1b:A1844V,S:D614G,ORF3a:Q57H",S:D614G
hCoV-19/USA/NY-NYUMC66/2020,20C,"ORF1a:T265I,ORF1a:A1283V,ORF1a:S3884L,ORF1b:P314L,ORF1b:A1844V,S:D614G,ORF3a:Q57H",S:D614G
hCoV-19/USA/NY-NYUMC660/2020,20C,"ORF1a:T265I,ORF1b:P314L,S:D614G,ORF3a:Q57H",S:D614G
hCoV-19/USA/NY-NYUMC661/2020,20C,"ORF1a:T265I,ORF1b:P314L,S:D614G,ORF3a:Q57H",S:D614G
hCoV-19/USA/NY-NYUMC662/2020,20C,"ORF1a:T265I,ORF1b:P314L,S:D614G,ORF3a:Q57H",S:D614G
hCoV-19/USA/NJ-NYUMC663/2020,20C,"ORF1a:T265I,ORF1a:S3884L,ORF1b:P314L,S:D614G,ORF3a:Q57H",S:D614G
hCoV-19/USA/NY-NYUMC664/2020,20C,"ORF1a:T265I,ORF1b:P314L,ORF1b:R2257S,S:D614G,ORF3a:Q57H",S:D614G
hCoV-19/USA/NY-NYUMC665/2020,20C,"ORF1a:T265I,ORF1a:S3884L,ORF1b:P314L,ORF1b:A1844V,S:D614G,ORF3a:Q57H",S:D614G
hCoV-19/USA/NY-NYUMC666/2020,19A,"ORF1a:P2605S,ORF1a:L3606F,ORF3a:G251V",
hCoV-19/USA/NY-NYUMC667/2020,20A,"ORF1b:P314L,S:D614G",S:D614G
hCoV-19/USA/NY-NYUMC668/2020,20B,"ORF1b:P314L,S:D614G,N:R203K,ORF14:G50R,ORF14:G50E,N:G204R",S:D614G
hCoV-19/USA/NY-NYUMC669/2020,19A,"ORF1a:P2605S,ORF1a:L3606F,ORF1a:P4075S,ORF3a:G251V",
hCoV-19/USA/NY-NYUMC67/2020,20A,"ORF1b:P314L,S:D614G",S:D614G
hCoV-19/USA/NY-NYUMC670/2020,19B,"ORF1a:L890F,ORF1b:P1427L,ORF1b:Y1464C,ORF8:L84S",
hCoV-19/USA/NY-NYUMC671/2020,20C,"ORF1a:T265I,ORF1b:P314L,S:D614G,ORF3a:Q57H,ORF8:V62L",S:D614G
hCoV-19/USA/NY-NYUMC672/2020,20C,"ORF1a:T265I,ORF1a:G519S,ORF1a:A3529V,ORF1b:P314L,S:D614G,S:P1162L,ORF3a:Q57H","S:D614G,S:P1162L"
hCoV-19/USA/NY-NYUMC673/2020,20C,"ORF1a:T265I,ORF1b:P314L,S:D614G,ORF3a:Q57H",S:D614G
hCoV-19/USA/NY-NYUMC674/2020,20C,"ORF1a:T265I,ORF1b:P314L,S:D614G,ORF3a:Q57H,N:P364L",S:D614G
hCoV-19/USA/NY-NYUMC675/2020,20C,"ORF1a:T265I,ORF1b:P314L,S:D614G,ORF3a:Q57H",S:D614G
hCoV-19/USA/NY-NYUMC676/2020,20C,"ORF1a:T265I,ORF1a:A1283V,ORF1a:C3790F,ORF1a:S3884L,ORF1b:P314L,ORF1b:A1844V,S:D614G,ORF3a:Q57H",S:D614G
hCoV-19/USA/NY-NYUMC677/2020,20C,"ORF1a:T265I,ORF1b:P314L,S:D614G,ORF3a:Q57H",S:D614G
hCoV-19/USA/NY-NYUMC678/2020,20B,"ORF1b:P314L,S:D614G,N:R203K,ORF14:G50R,ORF14:G50E,N:G204R",S:D614G
hCoV-19/USA/NY-NYUMC679/2020,20C,"ORF1a:T265I,ORF1a:R3542C,ORF1a:S3884L,ORF1b:P314L,ORF1b:A1844V,S:D614G,ORF3a:Q57H",S:D614G
hCoV-19/USA/NY-NYUMC680/2020,20C,"ORF1a:T265I,ORF1a:T1682I,ORF1b:P314L,S:D614G,ORF3a:Q57H",S:D614G
hCoV-19/USA/NY-NYUMC681/2020,20C,"ORF1a:T265I,ORF1a:T2166I,ORF1b:P314L,S:D614G,ORF3a:Q57H",S:D614G
hCoV-19/USA/NJ-NYUMC682/2020,19A,"ORF1a:L3606F,ORF3a:T89I,ORF3a:G251V",
hCoV-19/USA/NY-NYUMC683/2020,20A,"ORF1b:P314L,S:D614G,ORF3a:Q57H,N:R203K,ORF14:G50R,N:S232T",S:D614G
hCoV-19/USA/NY-NYUMC684/2020,20C,"ORF1a:T265I,ORF1a:A1298V,ORF1a:Q2639H,ORF1b:P314L,S:D614G,ORF3a:Q57H",S:D614G
hCoV-19/USA/NY-NYUMC685/2020,20C,"ORF1a:T265I,ORF1b:P314L,S:D614G,ORF3a:Q57H",S:D614G
hCoV-19/USA/NY-NYUMC686/2020,20C,"ORF1a:T265I,ORF1b:P314L,ORF1b:S2430R,S:D614G,ORF3a:Q57H",S:D614G
hCoV-19/USA/NY-NYUMC688/2020,20C,"ORF1a:T265I,ORF1b:P314L,S:D614G,ORF3a:Q57H",S:D614G
hCoV-19/USA/NY-NYUMC689/2020,20C,"ORF1a:T265I,ORF1b:P314L,ORF1b:T1050I,S:D614G,ORF3a:Q57H",S:D614G
hCoV-19/USA/NY-NYUMC69/2020,20A,"ORF1b:P314L,S:D614G",S:D614G
hCoV-19/USA/NY-NYUMC690/2020,20A,"ORF1b:P314L,S:D614G,ORF3a:Q57H",S:D614G
hCoV-19/USA/NY-NYUMC691/2020,20C,"ORF1a:T265I,ORF1b:P314L,S:D614G,ORF3a:Q57H",S:D614G
hCoV-19/USA/NY-NYUMC692/2020,20C,"ORF1a:T265I,ORF1b:P314L,ORF1b:P1223L,ORF1b:S2430R,S:D614G,ORF3a:Q57H",S:D614G
hCoV-19/USA/NY-NYUMC693/2020,20C,"ORF1a:T265I,ORF1b:P314L,S:D614G,ORF3a:Q57H,ORF3a:V80I,ORF8:S24L",S:D614G
hCoV-19/USA/NY-NYUMC694/2020,20C,"ORF1a:T265I,ORF1b:P314L,S:D614G,ORF3a:Q57H",S:D614G
hCoV-19/USA/NY-NYUMC695/2020,20C,"ORF1a:T265I,ORF1b:P314L,S:D614G,ORF3a:Q57H,ORF7a:C67F,N:Q409R",S:D614G
hCoV-19/USA/NY-NYUMC696/2020,20A,"ORF1b:P314L,S:D614G,ORF3a:Q57H",S:D614G
hCoV-19/USA/NY-NYUMC697/2020,20C,"ORF1a:T265I,ORF1a:S3884L,ORF1b:P314L,ORF1b:A1844V,S:D614G,ORF3a:Q57H",S:D614G
hCoV-19/USA/NY-NYUMC698/2020,20C,"ORF1a:T265I,ORF1b:P314L,S:D614G,ORF3a:Q57H",S:D614G
hCoV-19/USA/NY-NYUMC699/2020,20C,"ORF1a:T265I,ORF1a:S3884L,ORF1b:A176V,ORF1b:P314L,ORF1b:A1844V,S:D614G,ORF3a:Q57H",S:D614G
hCoV-19/USA/NY-NYUMC7/2020,20C,"ORF1a:T265I,ORF1a:M585V,ORF1b:P314L,S:Y145H,S:D614G,ORF3a:Q57H","S:Y145H,S:D614G"
hCoV-19/USA/NY-NYUMC70/2020,20A,"ORF1b:P314L,S:D614G",S:D614G
hCoV-19/USA/NY-NYUMC700/2020,19A,"ORF1a:L3606F,ORF3a:G251V,N:S190I,ORF14:V37F",
hCoV-19/USA/NY-NYUMC701/2020,20C,"ORF1a:T265I,ORF1a:A2279V,ORF1b:P314L,S:D614G,ORF3a:Q57H",S:D614G
hCoV-19/USA/NY-NYUMC702/2020,20C,"ORF1a:T265I,ORF1a:A1283V,ORF1a:S3884L,ORF1b:P314L,ORF1b:A1844V,S:D614G,ORF3a:A54S,ORF3a:Q57H",S:D614G
hCoV-19/USA/NY-NYUMC703/2020,20C,"ORF1a:T265I,ORF1b:P314L,S:D614G,ORF3a:Q57H",S:D614G
hCoV-19/USA/NY-NYUMC704/2020,20C,"ORF1a:T265I,ORF1b:P314L,S:D614G,ORF3a:Q57H",S:D614G
hCoV-19/USA/NY-NYUMC705/2020,20C,"ORF1a:T265I,ORF1b:P314L,ORF1b:P1664S,S:D614G,ORF3a:Q57H",S:D614G
hCoV-19/USA/NY-NYUMC706/2020,20C,"ORF1a:T265I,ORF1a:D2060N,ORF1b:P314L,S:D614G,S:I1227M,ORF3a:Q57H,N:R185L,ORF14:V32F","S:D614G,S:I1227M"
hCoV-19/USA/NY-NYUMC707/2020,20C,"ORF1a:T265I,ORF1a:S3244L,ORF1b:P314L,S:D614G,ORF3a:Q57H",S:D614G
hCoV-19/USA/NY-NYUMC708/2020,20C,"ORF1a:T265I,ORF1b:P314L,S:D614G,ORF3a:Q57H",S:D614G
hCoV-19/USA/NY-NYUMC709/2020,20C,"ORF1a:T265I,ORF1b:P314L,S:D614G,ORF3a:Q57H,E:V70F",S:D614G
hCoV-19/USA/NY-NYUMC71/2020,20B,"ORF1b:P314L,S:D614G,N:R203K,ORF14:G50R,ORF14:G50E,N:G204R",S:D614G
hCoV-19/USA/NY-NYUMC710/2020,20C,"ORF1a:T265I,ORF1b:P314L,S:D614G",S:D614G
hCoV-19/USA/NY-NYUMC711/2020,20C,"ORF1a:T265I,ORF1b:P314L,S:D614G,ORF3a:Q57H",S:D614G
hCoV-19/USA/NY-NYUMC712/2020,19A,"ORF1a:L27F,ORF1a:I739V,ORF1a:P765S,ORF1a:L3606F,ORF1a:D3812G,S:L5F,ORF3a:G251V",S:L5F
hCoV-19/USA/NY-NYUMC713/2020,20C,"ORF1a:T265I,ORF1b:P314L,S:D614G,ORF3a:Q57H",S:D614G
hCoV-19/USA/NY-NYUMC714/2020,20A,"ORF1b:P314L,S:D614G,ORF3a:Q57H",S:D614G
hCoV-19/USA/NY-NYUMC715/2020,20C,"ORF1a:T265I,ORF1b:P314L,S:D614G,ORF3a:Q57H",S:D614G
hCoV-19/USA/NY-NYUMC716/2020,20C,"ORF1a:T265I,ORF1b:P314L,S:D614G,ORF3a:Q57H",S:D614G
hCoV-19/USA/NY-NYUMC717/2020,20C,"ORF1a:T265I,ORF1a:A1649V,ORF1b:P314L,S:D614G,ORF3a:Q57H",S:D614G
hCoV-19/USA/NY-NYUMC718/2020,20C,"ORF1a:T265I,ORF1b:P314L,S:D614G,ORF3a:Q57H",S:D614G
hCoV-19/USA/NY-NYUMC719/2020,20C,"ORF1a:T265I,ORF1b:P314L,S:D614G,ORF3a:Q57H",S:D614G
hCoV-19/USA/NY-NYUMC72/2020,20C,"ORF1a:T265I,ORF1a:T551I,ORF1b:P314L,ORF1b:G2180S,S:D614G,ORF3a:Q57H",S:D614G
hCoV-19/USA/NY-NYUMC720/2020,20C,"ORF1a:T265I,ORF1a:K634E,ORF1b:P314L,S:A475V,S:D614G,ORF3a:Q57H","S:A475V,S:D614G"
hCoV-19/USA/NY-NYUMC721/2020,20C,"ORF1a:T265I,ORF1a:T551I,ORF1b:P314L,ORF1b:G2180S,S:D614G,ORF3a:Q57H",S:D614G
hCoV-19/USA/NY-NYUMC722/2020,20C,"ORF1a:T265I,ORF1b:P314L,S:D614G,S:A647S,ORF3a:Q57H,N:S183Y,ORF14:L30I","S:D614G,S:A647S"
hCoV-19/USA/NY-NYUMC723/2020,20A,"ORF1b:P314L,ORF1b:V1811F,S:D614G",S:D614G
hCoV-19/USA/NY-NYUMC724/2020,20C,"ORF1a:T265I,ORF1a:A1283V,ORF1a:S3884L,ORF1b:P314L,ORF1b:A1844V,S:D614G,ORF3a:Q57H",S:D614G
hCoV-19/USA/NY-NYUMC725/2020,20C,"ORF1a:T265I,ORF1b:P314L,S:D614G,ORF3a:Q57H",S:D614G
hCoV-19/USA/NY-NYUMC726/2020,20C,"ORF1a:T265I,ORF1b:P314L,S:D614G,ORF3a:Q57H",S:D614G
hCoV-19/USA/NY-NYUMC727/2020,20C,"ORF1a:T265I,ORF1b:P314L,S:D614G,ORF3a:Q57H",S:D614G
hCoV-19/USA/NY-NYUMC728/2020,19B,"ORF1a:D75E,ORF1a:P971L,ORF1b:F1757L,ORF1b:V2073L,ORF7a:S81L,ORF8:V62L,ORF8:L84S",
hCoV-19/USA/NY-NYUMC729/2020,20C,"ORF1a:T265I,ORF1b:P314L,S:D614G,ORF3a:Q57H",S:D614G
hCoV-19/USA/NY-NYUMC73/2020,20C,"ORF1a:T265I,ORF1a:K4176N,ORF1b:P314L,S:D614G,ORF3a:Q57H",S:D614G
hCoV-19/USA/NY-NYUMC730/2020,20C,"ORF1a:T265I,ORF1a:L3873F,ORF1b:P314L,S:D614G,ORF3a:Q57H",S:D614G
hCoV-19/USA/NY-NYUMC731/2020,20C,"ORF1a:T265I,ORF1a:R2432K,ORF1b:P314L,ORF1b:A2585V,S:D614G,ORF3a:Q57H",S:D614G
hCoV-19/USA/NY-NYUMC732/2020,20C,"ORF1a:T265I,ORF1a:S3884L,ORF1b:P314L,ORF1b:D2179Y,S:D614G,ORF3a:Q57H,N:A35S",S:D614G
hCoV-19/USA/NY-NYUMC733/2020,20C,"ORF1a:T265I,ORF1b:P314L,S:D614G,ORF3a:Q57H",S:D614G
hCoV-19/USA/NY-NYUMC734/2020,20C,"ORF1a:T265I,ORF1a:S3884L,ORF1b:P314L,ORF1b:A1844V,S:D614G,S:D1163Y,ORF3a:Q57H","S:D614G,S:D1163Y"
hCoV-19/USA/NY-NYUMC735/2020,20C,"ORF1a:T265I,ORF1b:P314L,S:D614G,ORF3a:Q57H",S:D614G
hCoV-19/USA/NY-NYUMC736/2020,20C,"ORF1a:T265I,ORF1b:P314L,S:D614G,ORF3a:Q57H",S:D614G
hCoV-19/USA/NY-NYUMC737/2020,20A,"ORF1b:P314L,S:D614G,ORF3a:Q57H",S:D614G
hCoV-19/USA/NY-NYUMC738/2020,20C,"ORF1a:T265I,ORF1b:P314L,S:D614G,ORF3a:Q57H",S:D614G
hCoV-19/USA/NY-NYUMC739/2020,20C,"ORF1a:T265I,ORF1b:P314L,S:D614G,ORF3a:Q57H",S:D614G
hCoV-19/USA/NY-NYUMC74/2020,20C,"ORF1a:T265I,ORF1a:S3884L,ORF1b:P314L,ORF1b:A1844V,S:D614G,ORF3a:Q57H",S:D614G
hCoV-19/USA/NY-NYUMC740/2020,20C,"ORF1a:T265I,ORF1b:P314L,S:D614G,ORF3a:Q57H",S:D614G
hCoV-19/USA/NY-NYUMC741/2020,20C,"ORF1a:T265I,ORF1a:S3884L,ORF1b:P314L,ORF1b:A1844V,S:D614G,ORF3a:Q57H",S:D614G
hCoV-19/USA/NY-NYUMC742/2020,20C,"ORF1a:T265I,ORF1b:P314L,S:D614G,ORF3a:Q57H",S:D614G
hCoV-19/USA/NY-NYUMC743/2020,20C,"ORF1a:T265I,ORF1a:T3940I,ORF1b:P314L,S:D614G,ORF3a:Q57H,N:S183Y,ORF14:L30I",S:D614G
hCoV-19/USA/NY-NYUMC744/2020,20C,"ORF1a:T265I,ORF1b:P314L,ORF1b:A2513V,S:D614G,ORF3a:Q57H",S:D614G
hCoV-19/USA/NY-NYUMC745/2020,20C,"ORF1a:T265I,ORF1a:S3884L,ORF1b:P314L,ORF1b:A1844V,S:D614G,ORF3a:Q57H",S:D614G
hCoV-19/USA/NY-NYUMC746/2020,20C,"ORF1a:T265I,ORF1b:P314L,S:D614G,ORF3a:Q57H",S:D614G
hCoV-19/USA/NY-NYUMC747/2020,20C,"ORF1a:T265I,ORF1b:P314L,S:D614G,ORF3a:Q57H",S:D614G
hCoV-19/USA/NY-NYUMC748/2020,20C,"ORF1a:T265I,ORF1b:P314L,S:D614G,ORF3a:Q57H",S:D614G
hCoV-19/USA/NY-NYUMC749/2020,20C,"ORF1a:T265I,ORF1b:P314L,S:D614G,ORF3a:Q57H",S:D614G
hCoV-19/USA/NY-NYUMC75/2020,20B,"ORF1b:P314L,S:D614G,M:V70F,N:R203K,ORF14:G50R,ORF14:G50E,N:G204R",S:D614G
hCoV-19/USA/NY-NYUMC750/2020,20C,"ORF1a:T265I,ORF1a:S3884L,ORF1b:P314L,ORF1b:A1844V,S:D614G,ORF3a:Q57H",S:D614G
hCoV-19/USA/NY-NYUMC751/2020,19A,"ORF1a:P2605S,ORF1a:L3606F,ORF3a:G251V",
hCoV-19/USA/NY-NYUMC752/2020,20B,"ORF1a:G3334S,ORF1b:P314L,S:D614G,N:R203K,ORF14:G50R,ORF14:G50E,N:G204R",S:D614G
hCoV-19/USA/NY-NYUMC753/2020,20C,"ORF1a:T265I,ORF1b:P314L,S:D614G,ORF3a:Q57H,N:S180I,ORF14:V27F",S:D614G
hCoV-19/USA/NY-NYUMC754/2020,19B,"ORF1a:D75E,ORF1a:P971L,ORF1b:F1757L,ORF1b:V2073L,ORF7a:S81L,ORF8:V62L,ORF8:L84S",
hCoV-19/USA/NY-NYUMC755/2020,20C,"ORF1a:T265I,ORF1b:P314L,S:D614G,ORF3a:Q57H",S:D614G
hCoV-19/USA/NY-NYUMC756/2020,20A,"ORF1b:P314L,S:D614G,ORF3a:Q57H",S:D614G
hCoV-19/USA/NY-NYUMC757/2020,20C,"ORF1a:T265I,ORF1b:P314L,S:D614G,ORF3a:Q57H",S:D614G
hCoV-19/USA/NY-NYUMC758/2020,20C,"ORF1a:T265I,ORF1b:P314L,S:D614G,ORF3a:Q57H,ORF14:P29L,ORF14:T39I",S:D614G
hCoV-19/USA/NY-NYUMC759/2020,20A,"ORF1b:P314L,S:D614G,ORF3a:Q57H",S:D614G
hCoV-19/USA/NY-NYUMC76/2020,20C,"ORF1a:T265I,ORF1a:S1561F,ORF1b:P314L,S:D614G,ORF3a:Q57H",S:D614G
hCoV-19/USA/NY-NYUMC760/2020,20C,"ORF1a:T265I,ORF1b:R276H,ORF1b:P314L,S:D614G,ORF3a:Q57H",S:D614G
hCoV-19/USA/NY-NYUMC761/2020,20C,"ORF1a:T265I,ORF1b:P314L,S:D614G,S:P631S,ORF3a:Q57H","S:D614G,S:P631S"
hCoV-19/USA/NY-NYUMC762/2020,20C,"ORF1a:T265I,ORF1a:S3884L,ORF1b:P314L,ORF1b:A1844V,S:D614G,ORF3a:Q57H",S:D614G
hCoV-19/USA/NY-NYUMC763/2020,20C,"ORF1a:T265I,ORF1a:S3884L,ORF1b:P314L,ORF1b:D490E,ORF1b:A1844V,S:D614G,ORF3a:Q57H",S:D614G
hCoV-19/USA/NY-NYUMC764/2020,20C,"ORF1a:T265I,ORF1b:P314L,S:D614G,ORF3a:S26L,ORF3a:Q57H",S:D614G
hCoV-19/USA/NY-NYUMC765/2020,20C,"ORF1a:L27F,ORF1a:T265I,ORF1b:P314L,S:D614G,ORF3a:Q57H",S:D614G
hCoV-19/USA/NY-NYUMC766/2020,20C,"ORF1a:T265I,ORF1a:T551I,ORF1b:P314L,ORF1b:G2180S,S:D614G,ORF3a:Q57H",S:D614G
hCoV-19/USA/NY-NYUMC767/2020,20C,"ORF1a:T265I,ORF1a:A3529V,ORF1b:P314L,S:D614G,ORF3a:Q57H",S:D614G
hCoV-19/USA/NY-NYUMC768/2020,20C,"ORF1a:S3884L,ORF1b:P314L,ORF1b:A1844V,ORF1b:S2379L,S:D614G,ORF3a:Q57H,N:D377Y",S:D614G
hCoV-19/USA/NY-NYUMC769/2020,20C,"ORF1a:T265I,ORF1b:P314L,S:D614G,ORF3a:Q57H",S:D614G
hCoV-19/USA/NY-NYUMC77/2020,20C,"ORF1a:T265I,ORF1b:P314L,S:D614G,ORF3a:Q57H,N:S183Y,ORF14:L30I",S:D614G
hCoV-19/USA/NY-NYUMC770/2020,20C,"ORF1a:T265I,ORF1b:P314L,S:D614G,ORF3a:Q57H",S:D614G
hCoV-19/USA/NY-NYUMC771/2020,20A,"ORF1b:P314L,ORF1b:P1664S,S:D614G,ORF3a:Q57H,N:D22E,ORF9b:I19N",S:D614G
hCoV-19/USA/NY-NYUMC772/2020,20C,"ORF1a:T265I,ORF1b:P314L,S:D614G,ORF3a:Q57H",S:D614G
hCoV-19/USA/NY-NYUMC773/2020,20C,"ORF1a:T265I,ORF1b:P314L,ORF1b:H1712Y,S:D614G,ORF3a:Q57H",S:D614G
hCoV-19/USA/NY-NYUMC774/2020,20C,"ORF1a:T265I,ORF1a:S3884L,ORF1b:P314L,ORF1b:A1844V,S:D614G,ORF3a:Q57H",S:D614G
hCoV-19/USA/NY-NYUMC775/2020,20A,"ORF1a:A1283V,ORF1b:P314L,S:D614G",S:D614G
hCoV-19/USA/NY-NYUMC776/2020,20C,"ORF1a:T265I,ORF1b:P314L,ORF1b:S2430R,S:D614G,ORF3a:Q57H",S:D614G
hCoV-19/USA/NY-NYUMC777/2020,20B,"ORF1a:L580F,ORF1b:P314L,S:D614G,N:R203K,ORF14:G50R,ORF14:G50E,N:G204R",S:D614G
hCoV-19/USA/NY-NYUMC778/2020,20C,"ORF1a:T265I,ORF1b:P314L,S:D614G,ORF3a:Q57H",S:D614G
hCoV-19/USA/NY-NYUMC779/2020,20C,"ORF1a:T265I,ORF1b:P314L,ORF1b:T1050I,ORF1b:G2220R,S:D614G,ORF3a:Q57H",S:D614G
hCoV-19/USA/NY-NYUMC78/2020,20C,"ORF1a:T265I,ORF1b:P314L,S:D614G,ORF3a:Q57H",S:D614G
hCoV-19/USA/NY-NYUMC780/2020,20C,"ORF1a:T265I,ORF1b:P314L,S:D614G,ORF3a:Q57H",S:D614G
hCoV-19/USA/NY-NYUMC781/2020,20C,"ORF1a:T265I,ORF1a:A3529V,ORF1b:P314L,S:D614G,ORF3a:Q57H",S:D614G
hCoV-19/USA/NY-NYUMC782/2020,20C,"ORF1a:T265I,ORF1b:P314L,S:D614G,ORF3a:Q57H",S:D614G
hCoV-19/USA/NY-NYUMC783/2020,20C,"ORF1a:T265I,ORF1b:P314L,S:D614G,ORF3a:Q57H,E:S68F",S:D614G
hCoV-19/USA/NY-NYUMC784/2020,20C,"ORF1a:T265I,ORF1a:T3356I,ORF1a:S3884L,ORF1b:P314L,ORF1b:A1844V,S:D614G,ORF3a:Q57H",S:D614G
hCoV-19/USA/NY-NYUMC785/2020,20C,"ORF1a:T265I,ORF1b:P314L,ORF1b:S2430R,S:D614G,ORF3a:Q57H",S:D614G
hCoV-19/USA/NY-NYUMC786/2020,20C,"ORF1a:T265I,ORF1b:P314L,S:D614G,ORF3a:Q57H",S:D614G
hCoV-19/USA/NY-NYUMC787/2020,20C,"ORF1a:T265I,ORF1b:P314L,S:D614G,ORF3a:Q57H",S:D614G
hCoV-19/USA/NY-NYUMC788/2020,20C,"ORF1a:T265I,ORF1b:T217M,ORF1b:P314L,ORF1b:N482S,S:D614G,ORF3a:Q57H",S:D614G
hCoV-19/USA/NY-NYUMC789/2020,20C,"ORF1a:T265I,ORF1b:P314L,S:D614G,ORF3a:Q57H",S:D614G
hCoV-19/USA/NY-NYUMC79/2020,20C,"ORF1a:T265I,ORF1a:S3884L,ORF1b:P314L,ORF1b:A1844V,S:D614G,S:N679K,ORF3a:Q57H","S:D614G,S:N679K"
hCoV-19/USA/NY-NYUMC790/2020,20C,"ORF1a:T265I,ORF1a:S3884L,ORF1b:P314L,ORF1b:A1844V,S:D614G,ORF3a:Q57H",S:D614G
hCoV-19/USA/NY-NYUMC791/2020,19A,"ORF1a:P2605S,ORF1a:L3606F,ORF1b:D815G,ORF3a:G251V",
hCoV-19/USA/NY-NYUMC792/2020,20C,"ORF1a:T265I,ORF1b:T17I,ORF1b:P314L,S:D614G,ORF3a:Q57H",S:D614G
hCoV-19/USA/NY-NYUMC793/2020,20A,"ORF1a:S1978F,ORF1a:L3606F,ORF1b:P314L,S:D614G,ORF3a:Q57H",S:D614G
hCoV-19/USA/NY-NYUMC794/2020,20C,"ORF1a:T265I,ORF1b:P314L,S:D614G,ORF3a:Q57H",S:D614G
hCoV-19/USA/NY-NYUMC795/2020,20B,"ORF1b:P314L,S:D614G,N:R203K,ORF14:G50R,ORF14:G50E,N:G204R",S:D614G
hCoV-19/USA/NY-NYUMC796/2020,20C,"ORF1a:T265I,ORF1b:P314L,S:D614G,ORF3a:Q57H,M:Q19E",S:D614G
hCoV-19/USA/NY-NYUMC797/2020,20C,"ORF1a:T265I,ORF1b:P314L,S:D614G,ORF3a:Q57H",S:D614G
hCoV-19/USA/NY-NYUMC798/2020,20C,"ORF1a:T265I,ORF1a:A3529V,ORF1a:T4175I,ORF1b:P314L,S:D614G,ORF3a:Q57H",S:D614G
hCoV-19/USA/NY-NYUMC799/2020,20C,"ORF1a:T265I,ORF1a:S3884L,ORF1b:P314L,ORF1b:A1844V,S:D614G,ORF3a:Q57H,N:M322I",S:D614G
hCoV-19/USA/NY-NYUMC8/2020,20C,"ORF1a:T265I,ORF1b:P314L,S:D614G,ORF3a:Q57H",S:D614G
hCoV-19/USA/NY-NYUMC80/2020,20C,"ORF1a:T265I,ORF1a:A2001V,ORF1a:S3884L,ORF1b:P314L,ORF1b:A1844V,S:D614G,ORF3a:Q57H",S:D614G
hCoV-19/USA/NY-NYUMC800/2020,20C,"ORF1a:T265I,ORF1a:D3355G,ORF1b:P314L,S:D614G,ORF3a:Q57H",S:D614G
hCoV-19/USA/NY-NYUMC801/2020,20C,"ORF1a:T265I,ORF1a:A1283V,ORF1a:S3884L,ORF1b:P314L,ORF1b:A1844V,S:D614G,S:A879S,ORF3a:Q57H","S:D614G,S:A879S"
hCoV-19/USA/NY-NYUMC802/2020,20C,"ORF1a:T265I,ORF1b:P314L,S:D614G,ORF3a:Q57H,ORF3a:M260K",S:D614G
hCoV-19/USA/NY-NYUMC803/2020,20A,"ORF1b:P314L,ORF1b:N1426S,S:D614G",S:D614G
hCoV-19/USA/NY-NYUMC804/2020,20C,"ORF1a:T265I,ORF1a:S3884L,ORF1b:P314L,ORF1b:A1844V,S:D614G,ORF3a:Q57H",S:D614G
hCoV-19/USA/NY-NYUMC805/2020,20C,"ORF1a:T265I,ORF1b:P314L,S:D614G,ORF3a:Q57H",S:D614G
hCoV-19/USA/NY-NYUMC806/2020,20B,"ORF1b:P314L,S:D614G,N:R203K,ORF14:G50R,ORF14:G50E,N:G204R",S:D614G
hCoV-19/USA/NY-NYUMC807/2020,20C,"ORF1a:T265I,ORF1a:H2659Y,ORF1b:P314L,S:D614G,ORF3a:Q57H",S:D614G
hCoV-19/USA/NY-NYUMC808/2020,20A,"ORF1b:P314L,S:D614G",S:D614G
hCoV-19/USA/NY-NYUMC809/2020,20A,"ORF1b:P314L,ORF1b:K2557R,S:D614G",S:D614G
hCoV-19/USA/NY-NYUMC81/2020,20A,"ORF1b:P314L,S:D614G,ORF3a:Q57H",S:D614G
hCoV-19/USA/NY-NYUMC810/2020,20C,"ORF1a:T265I,ORF1a:S3884L,ORF1b:P314L,ORF1b:A1844V,S:D614G,ORF3a:Q57H",S:D614G
hCoV-19/USA/NY-NYUMC811/2020,20C,"ORF1a:T265I,ORF1b:P314L,S:D614G,ORF3a:Q57H",S:D614G
hCoV-19/USA/NY-NYUMC812/2020,20C,"ORF1a:T224I,ORF1a:T265I,ORF1a:A3529V,ORF1b:P314L,S:D614G,ORF3a:Q57H",S:D614G
hCoV-19/USA/NY-NYUMC813/2020,20C,"ORF1a:T265I,ORF1a:S3884L,ORF1b:P314L,ORF1b:A1844V,S:D614G,ORF3a:Q57H",S:D614G
hCoV-19/USA/NY-NYUMC814/2020,20A,"ORF1a:T3462I,ORF1b:P314L,S:D614G,S:T732I,S:A924V","S:D614G,S:T732I,S:A924V"
hCoV-19/USA/NJ-NYUMC815/2020,20C,"ORF1a:T265I,ORF1b:P314L,S:D614G,ORF3a:Q57H",S:D614G
hCoV-19/USA/NY-NYUMC816/2020,20C,"ORF1a:T265I,ORF1a:P1010L,ORF1b:P314L,ORF1b:T1050I,S:D614G,ORF3a:Q57H",S:D614G
hCoV-19/USA/NY-NYUMC817/2020,20C,"ORF1a:T265I,ORF1b:P314L,S:D614G,S:D830G,ORF3a:Q57H","S:D614G,S:D830G"
hCoV-19/USA/NY-NYUMC818/2020,20C,"ORF1a:T265I,ORF1b:P314L,S:D614G,ORF3a:Q57H",S:D614G
hCoV-19/USA/NY-NYUMC819/2020,20A,"ORF1b:P314L,S:D614G,ORF3a:Q57H",S:D614G
hCoV-19/USA/NY-NYUMC82/2020,20C,"ORF1a:T265I,ORF1a:A1283V,ORF1a:S3884L,ORF1b:P314L,ORF1b:A1844V,S:D614G,ORF3a:Q57H",S:D614G
hCoV-19/USA/NY-NYUMC820/2020,20A,"ORF1b:P314L,S:D614G,ORF3a:Q57H",S:D614G
hCoV-19/USA/NY-NYUMC821/2020,20C,"ORF1a:T265I,ORF1b:P314L,ORF1b:A1844V,S:D614G",S:D614G
hCoV-19/USA/NY-NYUMC822/2020,20C,"ORF1a:T265I,ORF1a:A2891V,ORF1a:Y3722C,ORF1b:P314L,S:D614G,ORF3a:Q57H",S:D614G
hCoV-19/USA/NY-NYUMC823/2020,20C,"ORF1a:T265I,ORF1b:P314L,S:D614G,ORF3a:Q57H",S:D614G
hCoV-19/USA/NY-NYUMC824/2020,20C,"ORF1a:T265I,ORF1b:P314L,S:D614G,ORF3a:Q57H",S:D614G
hCoV-19/USA/NY-NYUMC825/2020,20C,"ORF1a:T265I,ORF1b:P314L,ORF1b:S2430R,S:D614G,ORF3a:Q57H",S:D614G
hCoV-19/USA/NY-NYUMC826/2020,20C,"ORF1a:T265I,ORF1a:S3884L,ORF1b:P314L,ORF1b:A1844V,S:D614G,ORF3a:Q57H",S:D614G
hCoV-19/USA/NY-NYUMC827/2020,20C,"ORF1a:T265I,ORF1a:I3476V,ORF1b:P314L,ORF1b:P1664S,S:D614G,ORF3a:Q57H",S:D614G
hCoV-19/USA/NY-NYUMC828/2020,20C,"ORF1a:T265I,ORF1b:P314L,ORF1b:S2430R,S:D614G,ORF3a:Q57H",S:D614G
hCoV-19/USA/NY-NYUMC829/2020,20C,"ORF1a:T265I,ORF1b:P314L,ORF1b:N482S,S:D614G,ORF3a:Q57H",S:D614G
hCoV-19/USA/NJ-NYUMC83/2020,20C,"ORF1a:G137A,ORF1a:T265I,ORF1a:S3884L,ORF1b:P314L,ORF1b:A1844V,S:D614G,ORF3a:Q57H,ORF7a:T28I",S:D614G
hCoV-19/USA/NY-NYUMC830/2020,20C,"ORF1a:T265I,ORF1a:A3529V,ORF1b:P314L,S:D614G,ORF3a:Q57H,ORF14:E51G",S:D614G
hCoV-19/USA/NJ-NYUMC831/2020,20C,"ORF1a:T265I,ORF1b:P314L,S:D614G,ORF3a:Q57H",S:D614G
hCoV-19/USA/NY-NYUMC832/2020,20C,"ORF1a:T265I,ORF1b:P314L,S:D614G,ORF3a:Q57H",S:D614G
hCoV-19/USA/NY-NYUMC833/2020,20C,"ORF1a:T265I,ORF1b:P314L,S:D614G,ORF3a:Q57H",S:D614G
hCoV-19/USA/NY-NYUMC834/2020,20A,"ORF1b:F213L,ORF1b:P314L,S:D614G,ORF3a:Q57H",S:D614G
hCoV-19/USA/NY-NYUMC835/2020,20C,"ORF1a:T265I,ORF1b:P314L,S:D614G,ORF3a:Q57H",S:D614G
hCoV-19/USA/NY-NYUMC836/2020,20C,"ORF1a:T265I,ORF1b:P314L,ORF1b:S1893F,S:N501Y,S:D614G,ORF3a:Q57H","S:N501Y,S:D614G"
hCoV-19/USA/NY-NYUMC837/2020,20A,"ORF1b:P314L,S:D614G",S:D614G
hCoV-19/USA/NY-NYUMC838/2020,20C,"ORF1a:T265I,ORF1a:S3884L,ORF1b:P314L,ORF1b:A1844V,S:D614G,ORF3a:Q57H",S:D614G
hCoV-19/USA/NY-NYUMC839/2020,20B,"ORF1a:V106A,ORF1b:P314L,S:D614G,S:G769V,N:R203K,ORF14:G50R,ORF14:G50E,N:G204R","S:D614G,S:G769V"
hCoV-19/USA/NJ-NYUMC84/2020,20C,"ORF1a:T265I,ORF1a:P4290S,ORF1b:P314L,S:D614G,ORF3a:Q57H",S:D614G
hCoV-19/USA/NY-NYUMC840/2020,20C,"ORF1a:T265I,ORF1a:S443F,ORF1a:S3884L,ORF1b:P314L,ORF1b:A1844V,S:D614G,ORF3a:Q57H",S:D614G
hCoV-19/USA/NJ-NYUMC841/2020,20A,"ORF1b:P314L,ORF1b:I1515V,S:D614G,ORF3a:Q57H,N:R36Q,ORF9b:D33N",S:D614G
hCoV-19/USA/NY-NYUMC842/2020,20B,"ORF1b:P314L,ORF1b:V1811F,S:D614G,N:R203K,ORF14:G50R,ORF14:G50E,N:G204R",S:D614G
hCoV-19/USA/NY-NYUMC843/2020,20C,"ORF1a:T265I,ORF1b:P314L,S:D614G,ORF3a:Q57H",S:D614G
hCoV-19/USA/NY-NYUMC85/2020,20C,"ORF1a:T265I,ORF1b:P314L,S:D614G,ORF3a:Q57H",S:D614G
hCoV-19/USA/NY-NYUMC86/2020,20C,"ORF1a:T265I,ORF1a:P1158L,ORF1b:P314L,S:D614G,ORF3a:Q57H",S:D614G
hCoV-19/USA/NY-NYUMC87/2020,20C,"ORF1a:T265I,ORF1b:P314L,S:D614G,ORF3a:Q57H",S:D614G
hCoV-19/USA/NY-NYUMC878/2020,20C,"ORF1a:T265I,ORF1b:P314L,S:D614G,ORF3a:Q57H",S:D614G
hCoV-19/USA/NY-NYUMC879/2020,20C,"ORF1a:T265I,ORF1a:S3884L,ORF1b:P314L,ORF1b:A1844V,S:D614G,ORF3a:Q57H",S:D614G
hCoV-19/USA/NY-NYUMC88/2020,20C,"ORF1a:T265I,ORF1a:H2794Y,ORF1b:P314L,ORF1b:S2430R,S:D614G,ORF3a:Q57H",S:D614G
hCoV-19/USA/NY-NYUMC880/2020,20C,"ORF1a:T265I,ORF1b:P314L,ORF1b:S2430R,S:D614G,ORF3a:Q57H",S:D614G
hCoV-19/USA/NY-NYUMC881/2020,20A,"ORF1b:P314L,S:D614G,ORF3a:Q57H",S:D614G
hCoV-19/USA/NY-NYUMC882/2020,19A,"ORF1a:L3606F,ORF3a:G251V,N:S190I,ORF14:V37F",
hCoV-19/USA/NY-NYUMC883/2020,20C,"ORF1a:T265I,ORF1b:P314L,S:D614G",S:D614G
hCoV-19/USA/NY-NYUMC884/2020,20C,"ORF1a:T265I,ORF1a:W2135C,ORF1b:P314L,S:D614G,ORF3a:Q57H",S:D614G
hCoV-19/USA/NY-NYUMC885/2020,20C,"ORF1a:T265I,ORF1b:P314L,S:D614G,ORF3a:Q57H",S:D614G
hCoV-19/USA/NY-NYUMC886/2020,20C,"ORF1a:T265I,ORF1b:P314L,S:D614G,ORF3a:Q57H",S:D614G
hCoV-19/USA/NY-NYUMC887/2020,20C,"ORF1a:T265I,ORF1b:P314L,S:D614G,ORF3a:V48A,ORF3a:Q57H,N:P364L",S:D614G
hCoV-19/USA/NY-NYUMC888/2020,20C,"ORF1a:T265I,ORF1a:Q1365H,ORF1b:P314L,S:D614G,ORF3a:Q57H",S:D614G
hCoV-19/USA/NY-NYUMC889/2020,20C,"ORF1a:T265I,ORF1b:P314L,S:D614G,ORF3a:Q57H",S:D614G
hCoV-19/USA/NY-NYUMC89/2020,20C,"ORF1a:T265I,ORF1a:D2060N,ORF1b:P314L,S:D614G,ORF3a:Q57H,N:R185L,ORF14:V32F",S:D614G
hCoV-19/USA/NY-NYUMC890/2020,20C,"ORF1a:T265I,ORF1a:S3884L,ORF1b:P314L,ORF1b:A1844V,S:D614G,ORF3a:Q57H",S:D614G
hCoV-19/USA/NY-NYUMC891/2020,20C,"ORF1a:T265I,ORF1a:A3529V,ORF1b:P314L,S:D614G,ORF3a:Q57H",S:D614G
hCoV-19/USA/NY-NYUMC892/2020,20C,"ORF1a:T265I,ORF1b:P314L,S:D614G,ORF3a:Q57H",S:D614G
hCoV-19/USA/NY-NYUMC893/2020,20C,"ORF1a:T265I,ORF1a:S3884L,ORF1b:P314L,ORF1b:A1844V,S:D614G,ORF3a:Q57H",S:D614G
hCoV-19/USA/NY-NYUMC894/2020,19B,"ORF1a:D75E,ORF1a:A405T,ORF1a:P971L,ORF1b:F1757L,ORF7a:S81L,ORF8:V62L,ORF8:L84S,ORF10:I4L",
hCoV-19/USA/NY-NYUMC895/2020,20C,"ORF1a:T265I,ORF1b:P314L,S:D614G,ORF3a:Q57H",S:D614G
hCoV-19/USA/NY-NYUMC896/2020,20C,"ORF1a:T265I,ORF1a:A4194V,ORF1b:P314L,S:D614G,ORF3a:K21N,ORF3a:V48A,ORF3a:Q57H,ORF3a:E239D",S:D614G
hCoV-19/USA/NY-NYUMC897/2020,20C,"ORF1a:T265I,ORF1b:P314L,S:D614G,ORF3a:Q57H",S:D614G
hCoV-19/USA/NY-NYUMC898/2020,20A,"ORF1b:P314L,S:D614G,ORF3a:Q57H",S:D614G
hCoV-19/USA/NY-NYUMC899/2020,19A,"ORF1a:T2274I,ORF1a:L4234S,ORF1b:T2048I,ORF1b:N2055K,S:T385I,S:D614G,N:D377Y","S:T385I,S:D614G"
hCoV-19/USA/NY-NYUMC90/2020,20B,"ORF1b:P314L,S:D614G,N:R203K,ORF14:G50R,ORF14:G50E,N:G204R",S:D614G
hCoV-19/USA/NY-NYUMC900/2020,20A,"ORF1a:L642F,ORF1a:T4088I,ORF1b:F213L,ORF1b:P314L,S:D614G,ORF3a:Q57H",S:D614G
hCoV-19/USA/NY-NYUMC901/2020,20C,"ORF1a:T265I,ORF1a:F3760S,ORF1b:P314L,S:D614G,S:T941I,ORF3a:Q57H","S:D614G,S:T941I"
hCoV-19/USA/NY-NYUMC902/2020,20C,"ORF1a:T265I,ORF1a:S3884L,ORF1b:P314L,ORF1b:A1844V,S:D614G,ORF3a:Q57H",S:D614G
hCoV-19/USA/NY-NYUMC903/2020,20C,"ORF1a:T265I,ORF1b:P314L,S:D614G,ORF3a:Q57H",S:D614G
hCoV-19/USA/NY-NYUMC904/2020,20C,"ORF1a:T265I,ORF1a:S3884L,ORF1b:P314L,S:D614G,ORF3a:Q57H",S:D614G
hCoV-19/USA/NY-NYUMC905/2020,20B,"ORF1a:T1344A,ORF1b:P314L,ORF1b:A1476V,S:D614G,ORF3a:L46F,N:R203K,ORF14:G50R,ORF14:G50E,N:G204R",S:D614G
hCoV-19/USA/NY-NYUMC906/2020,20C,"ORF1a:T265I,ORF1b:P314L,S:D614G,ORF3a:Q57H",S:D614G
hCoV-19/USA/NY-NYUMC907/2020,20C,"ORF1a:T265I,ORF1b:P314L,S:D614G,ORF3a:Q57H",S:D614G
hCoV-19/USA/NY-NYUMC908/2020,20A,"ORF1b:P314L,S:D614G",S:D614G
hCoV-19/USA/NY-NYUMC909/2020,20C,"ORF1a:T265I,ORF1b:P314L,ORF1b:A549V,S:D614G,ORF3a:Q57H,ORF8:A14S",S:D614G
hCoV-19/USA/NY-NYUMC91/2020,20A,"ORF1a:S3675F,ORF1b:P314L,S:D614G,ORF3a:Q57H",S:D614G
hCoV-19/USA/NY-NYUMC910/2020,20C,"ORF1a:T265I,ORF1b:P314L,S:D614G,ORF3a:Q57H",S:D614G
hCoV-19/USA/NY-NYUMC911/2020,20A,"ORF1b:P314L,S:D614G,ORF3a:Q57H",S:D614G
hCoV-19/USA/NY-NYUMC912/2020,20C,"ORF1a:T265I,ORF1b:P314L,S:D614G,S:H1101Y,ORF3a:Q57H,N:N29S,ORF9b:M26V","S:D614G,S:H1101Y"
hCoV-19/USA/NY-NYUMC913/2020,20C,"ORF1a:T265I,ORF1b:P314L,S:D614G,ORF3a:Q57H",S:D614G
hCoV-19/USA/NY-NYUMC914/2020,20C,"ORF1a:T265I,ORF1b:P314L,S:D614G,ORF3a:Q57H,E:L65P",S:D614G
hCoV-19/USA/NY-NYUMC915/2020,20A,"ORF1b:P314L,S:D614G,ORF3a:Q57H",S:D614G
hCoV-19/USA/NY-NYUMC916/2020,20C,"ORF1a:T265I,ORF1b:P314L,S:D614G,ORF3a:Q57H",S:D614G
hCoV-19/USA/NY-NYUMC917/2020,20C,"ORF1a:T265I,ORF1b:P314L,S:D614G,ORF3a:Q57H",S:D614G
hCoV-19/USA/NY-NYUMC918/2020,20C,"ORF1a:T265I,ORF1b:P314L,ORF1b:G1093S,S:D614G,ORF3a:T24I,ORF3a:Q57H",S:D614G
hCoV-19/USA/NY-NYUMC919/2020,20C,"ORF1a:T265I,ORF1a:S2103F,ORF1b:P314L,S:D614G,ORF3a:Q57H",S:D614G
hCoV-19/USA/NY-NYUMC92/2020,20C,"ORF1a:T265I,ORF1a:S3884L,ORF1b:P314L,ORF1b:A1844V,S:D614G,ORF3a:Q57H",S:D614G
hCoV-19/USA/NY-NYUMC920/2020,20C,"ORF1a:T265I,ORF1b:P314L,S:D614G,ORF3a:Q57H",S:D614G
hCoV-19/USA/NY-NYUMC921/2020,20C,"ORF1a:R207C,ORF1a:T265I,ORF1b:P314L,S:D614G",S:D614G
hCoV-19/USA/NY-NYUMC922/2020,20C,"ORF1a:T265I,ORF1b:P314L,S:D614G,ORF7b:F30L",S:D614G
hCoV-19/USA/NY-NYUMC923/2020,20C,"ORF1a:T265I,ORF1b:P314L,S:D614G,ORF3a:Q57H",S:D614G
hCoV-19/USA/NY-NYUMC924/2020,20C,"ORF1a:T265I,ORF1b:P314L,S:D614G,ORF3a:Q57H",S:D614G
hCoV-19/USA/NY-NYUMC925/2020,20A,"ORF1b:P314L,S:D614G,N:S194L,ORF14:Q41*",S:D614G
hCoV-19/USA/NY-NYUMC926/2020,20A,"ORF1b:P314L,S:D614G,ORF3a:Q38P",S:D614G
hCoV-19/USA/NY-NYUMC927/2020,20A,"ORF1a:P309L,ORF1b:P314L,S:D614G",S:D614G
hCoV-19/USA/NY-NYUMC928/2020,20A,"ORF1b:P314L,S:D614G,ORF3a:Q57H",S:D614G
hCoV-19/USA/NY-NYUMC929/2020,20C,"ORF1a:T265I,ORF1b:P314L,S:D614G,ORF3a:T24I,ORF3a:Q57H",S:D614G
hCoV-19/USA/NY-NYUMC94/2020,20C,"ORF1a:Y241H,ORF1a:T265I,ORF1a:S3884L,ORF1b:P314L,ORF1b:A1844V,S:D614G,ORF3a:Q57H",S:D614G
hCoV-19/USA/NY-NYUMC95/2020,19B,"ORF1b:P1427L,ORF1b:Y1464C,ORF8:L84S",
hCoV-19/USA/NY-NYUMC96/2020,20C,"ORF1a:T265I,ORF1b:P314L,S:D614G,ORF3a:Q57H",S:D614G
hCoV-19/USA/NY-NYUMC97/2020,20C,"ORF1a:T265I,ORF1a:S3884L,ORF1b:P314L,ORF1b:A1844V,S:D614G,ORF3a:Q57H,N:M322I",S:D614G
hCoV-19/USA/NY-NYUMC98/2020,20C,"ORF1a:T265I,ORF1b:P314L,ORF1b:N482S,S:D614G,ORF3a:Q57H",S:D614G
hCoV-19/USA/NY-NYUMC99/2020,19A,"ORF1a:E489K,ORF1a:L3606F,ORF3a:G251V",
